sample_id,readcount
AC_220827_F,116992545
BO_220829_F,117767820
BP2_220829_F,109998709
BS_220902_F,156772886
CF_220902_F,123930703
FV_220827_F,3919785
GV_220827_F,133250374
HO_220830_F,101652520
LB_220827_F,116321526
OS_220831_F,110408319
TC_220902_F,141711562
VL_220828_F,868
AG17_S,956139
AG27_S,3062
AO_190224_F,10325449
AO_190224_S,5779408
BJ_190227_F,11176868
BJ_190227_S,8409827
GA_190226_F,3219530
GA_190226_S,9095895
GF1_190226_F,12997977
GF1_190226_S,7725999
GF2_190226_F,14920350
GF2_190226_S,11100384
IN_190223_F,7729572
IN_190223_S,14106158
LC_190226_F,6599486
LC_190226_S,790944
PG_190225_F,9980074
PM_190223_F,9772982
PM_190223_S,9896567
PP_190301_S,8619161
RF_190301_S,7216730
TM_190224_F,4492
TM_190224_S,2283727
TM_190224_UN,7277144
VV_190228_F,12002716
PG_190225_S,7417161
CB_221018_F,167963018
FC_221023_F,128142372
FR_221020_F,101687009
SB_221021_F,125340072
SC_221020_F,140361585
SF_221019_F,105342252
SP_221019_F,110816584
TA_221020_F,98369049
SF_201023_G_F,135525314
CM_201023_F,10537301
SF_200622_G1_F,84204175
BC_200904_F,8607197
GB_200622_S,105145329
CM_200723_S,138742643
SF_200622_EF_B,116408161
BC_200904_B,32741337
SF_201023_G_B,77745286
CM_201023_B,133807726
SF_201023_EF_S,34073416
CM_201023_S,30378925
AR_170220_3_S,16951728
BQ_170218_F,15523235
BQ_170218_S1,17069955
BQ_170218_S2,14023241
BR_170218_1_F,17909144
BR_170218_1_S,20135649
BR_170218_2_F,18437399
BR_170218_2_S,30879465
CY_170214_F,17010273
CY_170214_S,35635893
EP_170215_F,19524525
EP_170215_S,31859264
ES_170215_1_F,18752381
ET_170220_1_S,17955726
FA_170219_1_S,30650547
MT_170219_F,20238243
PB_170224,18618340
PF_170222_F,30447154
PF_170222_S,15015904
PG_172224_F,37574919
PG_172224_S,45354954
PL_170224_S,15232012
QH_170213_1_F,38677452
QH_170213_1_S,106669456
QH_170213_2_S,17986156
QN_170220_F,27770527
QN_170220_S,38272189
RS_170216_F,21098708
RS_170216_S,16464635
RV_170221_F,14193761
S14_S,44234495
SI_170217_F,19837450
SI_170217_S,36426226
SL_170214_F,17556539
SL_170214_S,7715065
TC_170221_F,20011015
TC_170221_S,12028524
SF1D13_230609_B1,76923971
SF1D13_230728_B2,53410715
SF1D13_230728_F2,68706503
SF2A_230609_B1,90506010
SF2B_230609_B1,83742354
SF2C_230609_B1,69782873
G1,76761573
G2,36720764
G3,47191125
G4,39735118
G5,42969352
G8,32496067
GLAB20,110996570
NF-1_220826_S,94824868
RF-1_220827_S,102466240
RF-2_220827_S,107308810
KT-1_220826_S,146666975
KT-1_220826_F,171180393
NF-1_220826_F,145192584
RF-1_220827_F,154034389
RF-2_220827_F,156366024
SC_220630,111036412
OYU2_230629_F,38865904
KON_230628_S2,10077489
KON_230628_Smicro,40728864
DAI_230627_S3,194005632
DAI_230627_S2,100345291
DAI_230627_S1,188511900
OZ_230305_S,61310909
RC_1230306_S,84637690
PQ_230306_S,85345515
CZ_230307_S,250786039
PI_230308_S,101584987
OY_230308_S,115433370
LF_230308_S,103667297
LV_230309_S,139700289
TZ_230310_S,140474325
VA_230311_S,80687261
LN_230313_S,243831252
CM_230315_S,161130483
JB_230315_S,107701331
LB_230315_S,106212804
BF_230316_S,82515327
ES_230304_F,261024670
OZ_230305_F,126658466
RC_1230306_F,80929611
PQ_230306_F,99430252
CZ_230307_F,107563656
PI_230308_F,245295896
OY_230308_F,94413978
LF_230308_F,116852623
LV_230309_F,113515753
TZ_230310_F,280854733
VA_230311_F,79547289
QH_230313_F,108174049
LN_230313_F,85567474
CM_230315_F,105093266
LB_230315_F,66662524
BF_230316_F,63601209
JB_230315_F,108680270
OR_220726_F,162237188
QW_220726_F,121391774
UH_220727_F,107969659
UK_220727_F,69792489
TQ_220728_F,82703435
UN_220728_F,130324070
KU_220731_F,14574216
NJ_220731_F,62450953
QG_220801_F,92340518
OR_220726_S,107679143
QW_220726_S,120124458
UH_220727_S,106120830
UK_220727_S,85453613
UN_220728_S,47795469
KU_220731_S,131253892
NJ_220731_S,88162534
QG_220801_S,103941306
TQ_220728_S,94579465
GI_231006_F,177429332
GI_231006_S,179725441
HV_230418_F,264197826
SM_230628_S,151169199
MV_230623_F,108055886
MV_230623_S,65335198
SM_230628_F,183765003
GRP_230724_S,39471758
KJ_230721_F,168300589
KJ_230721_S,302970690
NR_230731_F,104206717
NR_230731_S,89052474
SJ_230730_F,124847875
SJ_230730_S,129788084
TR_230731_F,98791564
TR_230731_S,184150278
SRR3960572,10956696
SRR3960575,15900605
SRR3960576,12470163
SRR3960577,12509590
SRR3960578,11615372
SRR3960579,10237110
SRR3960580,14129756
SRR3960581,7754770
SRR3960684,9842549
SRR3961047,9151505
SRR3961604,8108939
SRR3961906,6456905
SRR3961935,8845045
SRR3961936,8066347
SRR3962293,10987440
SRR3962508,7123154
SRR3962680,5498363
SRR3962771,10360954
SRR3962772,6919283
SRR3962773,13060020
SRR3962777,8739053
SRR3963449,9532615
SRR3963456,8790787
SRR3963457,9444461
SRR3963458,6815364
SRR3963498,6673180
SRR3963571,7686136
SRR3963599,8584529
SRR3963622,7463510
SRR3963658,8243924
SRR3963804,11550843
SRR3963805,7839577
SRR3963982,8661235
SRR3964650,9076061
SRR3965585,7633879
SRR3965586,8550631
SRR3965592,8603916
SRR3965647,3466078
SRR3965676,8309590
SRR3965758,8841072
SRR3965809,6657190
SRR3965873,9485293
SRR3965874,6321575
SRR3965875,8029732
SRR3966130,8884327
SRR3967025,9221626
SRR3967319,14909959
SRR3967558,11898833
SRR3967690,10064443
SRR3967699,7337734
SRR3967700,11951243
SRR3967905,5629477
SRR3968060,8833111
SRR3968061,4470685
SRR3968062,10475633
SRR3968063,9786903
SRR3968770,9446915
SRR3968777,10490393
HTB,10188224
RWB,13842012
SOF,10588623
SWB,11745462
T1D1_241021,149749423
T1D2_241021,175437073
T2D1_241021,168977648
T2D2_241021,121522243
T3D1_241022,108216827
T3D2_241022,174658787
T4D1_241021,133377611
T4D2_241021,145213336
T4D3_241021,175629949
T5D1_241021,104374677
T5D2_241021,154150757
T5D3_241021,132181813
T6D1_241022,105078576
T6D2_241022,124377270
T7D1_241022,129828669
T7D2_241022,128560443
T8D1_241022,86604553
T8D2_241022,186714578
T9D1_241022,193752725
T9D3_241022,154603706
T9D2_241022,173357303
BO_240617_B1,151066908
BO_240617_B1F,132209460
BO_240617_B1P,160906990
BO_240617_B2,133909353
BO_240617_F1,125616546
BO_240617_S1,83786596
CBP_240617_B,109488940
CF_240622_F2,107350359
CGV_240625_F12,157322938
GV2_240623_B,137006277
GV2_240623_F,165888630
HTV_240625_F13,125464624
P3V_240625_F11,128940509
RMV_240625_F14,131087155
TCP_240624_B9,110194363
TCP_240624_F9,105704898
TCP_240624_S9,101732029
VL1_240623_F4,101250459
VL1_240623_S4,115731814
VL2_240623_F5,113138128
VL2_240623_S5,162707144
VL3_240623_F6,125952478
VL4_240623_S7,148505137
VL5_240623_F8,138735034
VL5_240623_S8,150173141
VP6_240624_F10,133289183
VP6_240624_S10,107891893
VSS_240622_F3,141828019
VL4_240623_F7,116635351
DRR093002,2501949
DRR093003,3332276
DRR093004,15331771
DRR093005,21299977
DRR163686,51509062
DRR163690,51335509
DRR163693,18121777
SRR1556897,4737162
SRR2239652,5626128
SRR3439968,3781064
SRR3440026,3714483
SRR3961733,19554880
SRR3961734,15622317
SRR3961739,15400199
SRR3961740,10967018
SRR3961741,13563485
SRR3961742,15209380
SRR3961743,8839629
SRR4030098,16569405
SRR4030101,19132437
SRR4030102,14935593
SRR5189948,28027410
SRR5211068,97782482
SRR5214705,46619017
SRR5214706,55779896
SRR5216251,48907920
SRR5216256,41627152
SRR5468438,31356235
SRR5468440,36947346
SRR5468442,24154518
SRR5468443,33448807
SRR5468447,30774497
SRR5468448,27871800
SRR5468518,47779180
SRR5468531,53043304
SRR5468562,63863245
SRR5468563,47174647
SRR5468564,69734129
SRR5468565,43110330
SRR5468566,32215959
SRR5468567,41035732
SRR5468568,45404185
SRR5723934,33808602
SRR5723982,116220486
SRR5747841,39279042
SRR5747860,40070146
SRR5747861,52029797
BRH_240830_F8,111513846
BRH_240830_S8,156210737
BST_240902_F13,92173663
FRH_240905_F17,151372015
FRH_240905_S17,107400967
FYW_240903_F15,133381122
GLR_240904_F16,144339785
GLR_240904_S16,113417366
JJH_240901_F11,121317291
LMR_240831_F9,128614276
LMR_240831_S9,107850753
MSS_240906_F18,134487062
MTZ_240828_F6,144282365
PDL_240829_F7,129698134
PDL_240829_S7,133902666
PDS_240831_F10,142099885
PDS_240831_S10,131882782
PJS_240828_F5,157738271
PJS_240828_S5,111465150
RSW_240903_F14,124218214
SDL_240902_F12,128011204
SDL_240902_S12,101646376
SDS_240826_F2,105871214
SDS_240826_S2,103990648
TAW_240826_F1,118378584
VMB_240827_F3,121672783
VMB_240827_S3,39317579
VTS_240827_F4,109565821
VTS_240827_S4,40278321
KR1_210530_F,10831644
KR1_210530_S,21248486
GN1_210601_F,8980929
GN1_210601_S,355
HV1_210602_F,26381737
HV1_210602_S,9753097
RMV_240625_F,131087155
P3V_240625_F,128940509
BO_240617_F,125616546
BO_240617_S,83786596
FE_211015_F,9171593
FE_211015_S,10830551
GA_211029_F,14496562
GA_211029_S,11170173
LS_211029_F,16464901
BLDE.20180731.AMC.EPILITHON.2,9842042
BLUE.20180712.AMC.EPILITHON.1,7412232
BLUE.20180712.AMC.EPILITHON.2,3155483
BLUE.20180712.AMC.EPILITHON.3,23290990
BLUE.20180712.AMC.EPILITHON.4,14478
BLUE.20180712.AMC.EPILITHON.5,17673409
BLUE.20180712.AMC.EPILITHON.6,24922743
BLUE.20180712.AMC.EPILITHON.7,10664506
BLUE.20180712.AMC.EPILITHON.8,23920616
CARI.20180717.AMC.EPILITHON.1,7518534
CARI.20180717.AMC.EPILITHON.2,8580736
CARI.20180717.AMC.EPILITHON.3,7914013
CARI.20180717.AMC.EPILITHON.4,6939057
CARI.20180717.AMC.EPILITHON.5,8578606
CARI.20180717.AMC.EPILITHON.6,10024304
CARI.20180717.AMC.EPILITHON.7,10721914
CARI.20180717.AMC.EPILITHON.8,8267647
CUPE.20180625.AMC.EPILITHON.1,8173205
CUPE.20180625.AMC.EPILITHON.2,11764002
CUPE.20180625.AMC.EPILITHON.3,11311588
CUPE.20180625.AMC.EPILITHON.4,10307820
CUPE.20180625.AMC.EPILITHON.5,10103187
CUPE.20180625.AMC.EPILITHON.6,7856322
CUPE.20180625.AMC.EPILITHON.7,9591407
CUPE.20180625.AMC.EPILITHON.8,7299439
MAYF.20180726.AMC.EPIPSAMMON.1,5884772
MAYF.20180726.AMC.EPIPSAMMON.2,1918198
MAYF.20180726.AMC.EPIPSAMMON.3,8475128
MAYF.20180726.AMC.EPIXYLON.1,7975293
MAYF.20180726.AMC.EPIXYLON.3,10298702
MAYF.20180726.AMC.EPIXYLON.5,10828828
MAYF.20180726.AMC.EPIXYLON.7,9056508
MAYF.20180726.AMC.EPIXYLON.9,10688656
MCRA.20180724.AMC.EPILITHON.1,10164654
MCRA.20180724.AMC.EPILITHON.2,7334159
MCRA.20180724.AMC.EPILITHON.3,14434081
MCRA.20180724.AMC.EPILITHON.4,10170986
MCRA.20180724.AMC.EPILITHON.5,10268833
MCRA.20180724.AMC.EPILITHON.6,8211514
MCRA.20180724.AMC.EPILITHON.7,8758330
MCRA.20180724.AMC.EPILITHON.8,5521523
OKSR.20180710.AMC.EPILITHON.1,9960770
OKSR.20180710.AMC.EPILITHON.2,7025837
OKSR.20180710.AMC.EPILITHON.3,6385269
OKSR.20180710.AMC.EPILITHON.4,6479185
OKSR.20180710.AMC.EPILITHON.5,6733999
OKSR.20180710.AMC.EPILITHON.6,9656555
OKSR.20180710.AMC.EPILITHON.7,10123189
OKSR.20180710.AMC.EPILITHON.8,6510525
OKSR.20180816.AMC.EPILITHON.1,9623812
OKSR.20180816.AMC.EPILITHON.2,6349809
OKSR.20180816.AMC.EPILITHON.4,3066956
OKSR.20180816.AMC.EPILITHON.5,8182623
OKSR.20180816.AMC.EPILITHON.6,2380051
OKSR.20180816.AMC.EPILITHON.7,763982
OKSR.20180816.AMC.EPILITHON.8,8032092
POSE.20180717.AMC.EPILITHON.1,8537650
POSE.20180717.AMC.EPILITHON.2,10351507
POSE.20180717.AMC.EPILITHON.3,4376925
POSE.20180717.AMC.EPILITHON.4,9134019
POSE.20180717.AMC.EPILITHON.5,10064035
POSE.20180717.AMC.EPIPELON.1,12160970
POSE.20180717.AMC.EPIPELON.2,8718064
POSE.20180717.AMC.EPIPELON.3,8489649
REDB.20180718.AMC.EPILITHON.1,9573086
REDB.20180718.AMC.EPILITHON.2,7996001
REDB.20180718.AMC.EPILITHON.3,14740960
REDB.20180718.AMC.EPIPSAMMON.1,10714373
REDB.20180718.AMC.EPIPSAMMON.2,6743637
REDB.20180718.AMC.EPIPSAMMON.3,7966872
REDB.20180718.AMC.EPIPSAMMON.4,11395301
REDB.20180718.AMC.EPIPSAMMON.5,3235017
WLOU.20180726.AMC.EPILITHON.1,8477436
WLOU.20180726.AMC.EPILITHON.2,3765869
WLOU.20180726.AMC.EPILITHON.3,7078784
WLOU.20180726.AMC.EPILITHON.4,5729990
WLOU.20180726.AMC.EPILITHON.5,7982964
WLOU.20180726.AMC.EPIPSAMMON.1,7304241
WLOU.20180726.AMC.EPIPSAMMON.2,4027607
WLOU.20180726.AMC.EPIPSAMMON.3,10154455
ARIK.20180718.AMC.EPIPHYTON.1,10735210
ARIK.20180718.AMC.EPIPHYTON.2,10900212
LEWI.20180710.AMC.EPIPELON.1,680
ARIK.20180718.AMC.EPIPHYTON.3,11049836
ARIK.20180718.AMC.EPIPHYTON.4,10819684
ARIK.20180718.AMC.EPIPHYTON.5,11954987
ARIK.20180718.AMC.EPIPSAMMON.1,2957456
ARIK.20180718.AMC.EPIPSAMMON.2,10331058
ARIK.20180718.AMC.EPIPSAMMON.3,11892594
BIGC.20180724.AMC.EPILITHON.2,477801
BIGC.20180724.AMC.EPILITHON.6,11622767
BIGC.20180724.AMC.EPILITHON.8,7058249
BIGC.20180724.AMC.EPIPSAMMON.1,207987
BIGC.20180724.AMC.EPIPSAMMON.3,69060
BIGC.20180724.AMC.EPIPSAMMON.4,102605
BIGC.20180724.AMC.EPIPSAMMON.5,2927292
BIGC.20180724.AMC.EPIPSAMMON.7,661482
BLDE.20180731.AMC.EPILITHON.1,9153845
BLDE.20180731.AMC.EPILITHON.3,8114016
BLDE.20180731.AMC.EPILITHON.4,10136074
BLDE.20180731.AMC.EPILITHON.5,9545642
BLDE.20180731.AMC.EPILITHON.6,10033144
BLDE.20180731.AMC.EPILITHON.7,8020759
BLDE.20180731.AMC.EPILITHON.8,8118124
COMO.20180808.AMC.EPILITHON.1,5660522
COMO.20180808.AMC.EPILITHON.2,14084445
COMO.20180808.AMC.EPILITHON.3,10817938
COMO.20180808.AMC.EPILITHON.4,9776076
COMO.20180808.AMC.EPILITHON.5,9442155
COMO.20180808.AMC.EPIPSAMMON.1,3835683
COMO.20180808.AMC.EPIPSAMMON.2,4836297
COMO.20180808.AMC.EPIPSAMMON.3,3573053
GUIL.20180705.AMC.EPILITHON.1,10115488
GUIL.20180705.AMC.EPILITHON.2,9387443
GUIL.20180705.AMC.EPILITHON.3,8971504
GUIL.20180705.AMC.EPILITHON.4,7966041
GUIL.20180705.AMC.EPILITHON.6,9479952
GUIL.20180705.AMC.EPILITHON.7,8537104
GUIL.20180705.AMC.EPILITHON.8,8283478
HOPB.20180723.AMC.EPILITHON.1,23804634
HOPB.20180723.AMC.EPILITHON.2,25502683
HOPB.20180723.AMC.EPILITHON.3,8309908
HOPB.20180723.AMC.EPILITHON.4,8052677
HOPB.20180723.AMC.EPILITHON.5,8544816
HOPB.20180723.AMC.EPIPSAMMON.1,8653706
HOPB.20180723.AMC.EPIPSAMMON.3,9929457
LECO.20180724.AMC.EPILITHON.1,18116383
LECO.20180724.AMC.EPILITHON.2,3669
LECO.20180724.AMC.EPILITHON.3,8290810
LECO.20180724.AMC.EPILITHON.4,4900258
LECO.20180724.AMC.EPILITHON.5,4312894
LEWI.20180710.AMC.EPILITHON.1,4044
LEWI.20180710.AMC.EPILITHON.2,9517655
LEWI.20180710.AMC.EPILITHON.3,8529119
LEWI.20180710.AMC.EPIPELON.2,45780380
LEWI.20180710.AMC.EPIPELON.3,11984716
LEWI.20180710.AMC.EPIPELON.4,10068421
LEWI.20180710.AMC.EPIPELON.5,8557616
MART.20180717.AMC.EPILITHON.1,13202490
MART.20180717.AMC.EPILITHON.2,10087577
MART.20180717.AMC.EPILITHON.3,11161039
MART.20180717.AMC.EPILITHON.4,12880139
MART.20180717.AMC.EPILITHON.5,11837798
MART.20180717.AMC.EPILITHON.6,9827103
MART.20180717.AMC.EPILITHON.7,8629043
MART.20180717.AMC.EPILITHON.8,8250754
MCDI.20180716.AMC.EPILITHON.1,8459670
MCDI.20180716.AMC.EPILITHON.2,8511764
MCDI.20180716.AMC.EPILITHON.3,32910772
PRIN.20180724.AMC.EPIPSAMMON.1,7589305
PRIN.20180724.AMC.EPIPSAMMON.2,2387189
PRIN.20180724.AMC.EPIPSAMMON.3,7817516
WALK.20180718.AMC.EPILITHON.1,5499886
WALK.20180718.AMC.EPILITHON.2,1396378
WALK.20180718.AMC.EPILITHON.4,4294249
WALK.20180718.AMC.EPILITHON.5,169038
WALK.20180718.AMC.EPIXYLON.1,7898782
WALK.20180718.AMC.EPIXYLON.2,6745527
WALK.20180718.AMC.EPIXYLON.3,6181793
WLOU.20180522.AMC.EPILITHON.5,10578131
WALK.20180718.AMC.EPILITHON.3,7842363
BLDE.20190805.EPILITHON.1,6420574
BLDE.20190805.EPILITHON.2,15091255
BLDE.20190805.EPILITHON.3,12855803
BLDE.20190805.EPILITHON.4,13521379
BLDE.20190805.EPILITHON.5,6910428
BLDE.20190805.EPILITHON.6,2712748
BLDE.20190805.EPILITHON.7,6823439
BLDE.20190805.EPILITHON.8,7369667
BLUE.20190711.EPILITHON.1,9448011
BLUE.20190711.EPILITHON.2,11884948
BLUE.20190711.EPILITHON.3,4896907
BLUE.20190711.EPILITHON.4,5449585
BLUE.20190711.EPILITHON.5,7665423
BLUE.20190711.EPILITHON.6,8431580
BLUE.20190711.EPILITHON.7,3351534
BLUE.20190711.EPILITHON.8,5813545
CARI.20190703.EPILITHON.7,1934816
CARI.20190703.EPILITHON.8,901260
CUPE.20190625.EPILITHON.1,5488397
CUPE.20190625.EPILITHON.2,4862376
CUPE.20190625.EPILITHON.3,4405063
CUPE.20190625.EPILITHON.4,2911526
CUPE.20190625.EPILITHON.5,6463381
CUPE.20190625.EPILITHON.6,4928728
CUPE.20190625.EPILITHON.7,7578026
CUPE.20190625.EPILITHON.8,3469923
HOPB.20190715.EPILITHON.1,3776548
HOPB.20190715.EPILITHON.2,4512760
HOPB.20190715.EPILITHON.3,7089442
HOPB.20190715.EPILITHON.4,4595007
HOPB.20190715.EPIPSAMMON.1,2529014
HOPB.20190715.EPIPSAMMON.2,14993906
HOPB.20190715.EPIPSAMMON.3,3985313
KING.20190723.EPILITHON.1,6864547
KING.20190723.EPILITHON.2,8630969
KING.20190723.EPILITHON.3,6995000
KING.20190723.EPILITHON.4,5276164
KING.20190723.EPILITHON.5,6091714
KING.20190723.EPILITHON.6,5704686
KING.20190723.EPILITHON.7,5389328
KING.20190723.EPILITHON.8,5757183
MAYF.20190805.EPIPSAMMON.6,1873222
MAYF.20190805.EPIPSAMMON.7,4299802
MAYF.20190805.EPIPSAMMON.8,875153
MAYF.20190805.EPIXYLON.1,11699080
MAYF.20190805.EPIXYLON.2,14743969
MAYF.20190805.EPIXYLON.3,5682788
MAYF.20190805.EPIXYLON.4,5498655
MAYF.20190805.EPIXYLON.5,5199126
MCDI.20190724.EPILITHON.1,6380979
MCDI.20190724.EPILITHON.2,6348133
MCDI.20190724.EPILITHON.3,5311997
MCDI.20190724.EPILITHON.4,5132319
MCDI.20190724.EPILITHON.5,5494162
MCDI.20190724.EPILITHON.6,4218328
OKSR.20190711.EPILITHON.1,4157210
REDB.20190715.EPILITHON.1,6563078
REDB.20190715.EPILITHON.2,11349740
REDB.20190715.EPILITHON.3,11724516
REDB.20190715.EPIPSAMMON.1,4254576
REDB.20190715.EPIPSAMMON.2,14189194
REDB.20190715.EPIPSAMMON.3,17935227
REDB.20190715.EPIPSAMMON.4,13391385
REDB.20190715.EPIPSAMMON.5,6001175
SYCA.20190617.EPILITHON.1,3628961
SYCA.20190617.EPILITHON.2,5466128
SYCA.20190617.EPILITHON.3,4447448
SYCA.20190617.EPILITHON.4,4484424
SYCA.20190617.EPILITHON.5,3329060
SYCA.20190617.EPIPSAMMON.1,1513995
SYCA.20190617.EPIPSAMMON.2,4522262
SYCA.20190617.EPIPSAMMON.3,3797629
WLOU.20190724.EPILITHON.1,3789641
WLOU.20190724.EPILITHON.2,11876293
WLOU.20190724.EPILITHON.3,1422465
WLOU.20190724.EPILITHON.4,7543358
WLOU.20190724.EPILITHON.5,4704095
WLOU.20190724.EPIPSAMMON.1,11102604
WLOU.20190724.EPIPSAMMON.2,10601300
WLOU.20190724.EPIPSAMMON.3,2499179
ARIK.20190715.EPIPHYTON.2,1786793
ARIK.20190715.EPIPHYTON.3,4100387
ARIK.20190715.EPIPHYTON.4,2967043
ARIK.20190715.EPIPHYTON.5,1247750
ARIK.20190715.EPIPSAMMON.1,4734897
ARIK.20190715.EPIPSAMMON.2,6524347
BIGC.20190709.EPILITHON.1,20773565
BIGC.20190709.EPILITHON.3,1924348
BIGC.20190709.EPIPSAMMON.1,1287445
BIGC.20190709.EPIPSAMMON.2,2891544
BIGC.20190709.EPIPSAMMON.3,5872463
BIGC.20190709.EPIPSAMMON.4,214263
BIGC.20190709.EPIPSAMMON.5,1603519
COMO.20190806.EPILITHON.1,9725369
COMO.20190806.EPILITHON.2,5542324
COMO.20190806.EPILITHON.3,4228975
COMO.20190806.EPILITHON.4,10558213
COMO.20190806.EPILITHON.5,6731216
COMO.20190806.EPIPSAMMON.1,12768216
COMO.20190806.EPIPSAMMON.2,12839613
COMO.20190806.EPIPSAMMON.3,9377227
GUIL.20190701.EPILITHON.1,6333443
GUIL.20190701.EPILITHON.2,5156485
GUIL.20190701.EPILITHON.3,8701384
GUIL.20190701.EPILITHON.4,8268688
GUIL.20190701.EPILITHON.5,23351772
GUIL.20190701.EPILITHON.6,5132103
GUIL.20190701.EPILITHON.7,11721409
GUIL.20190701.EPILITHON.8,8040508
HOPB.20190715.EPILITHON.5,5242665
ARIK.20190715.EPIPSAMMON.3,25061902
BIGC.20190709.EPILITHON.2,26627919
ARIK.20200930.EPIPHYTON.1,12268265
ARIK.20200930.EPIPHYTON.2,33722317
ARIK.20210707.EPIPHYTON.1,3415214
ARIK.20210707.EPIPHYTON.2,4241896
ARIK.20210707.EPIPHYTON.3,13074163
ARIK.20210707.EPIPHYTON.4,3973828
ARIK.20210707.EPIPHYTON.5,70165495
ARIK.20210707.EPIPSAMMON.1,58615580
ARIK.20210707.EPIPSAMMON.2,50381638
ARIK.20210707.EPIPSAMMON.3,112472
BIGC.20210713.EPILITHON.1,4022737
BIGC.20210713.EPILITHON.2,4800375
BIGC.20210713.EPILITHON.3,3315552
BIGC.20210713.EPIPSAMMON.2,4446030
BIGC.20210713.EPIPSAMMON.4,3683035
BIGC.20210713.EPIPSAMMON.5,2031067
BLDE.20200728.EPILITHON.1,5508482
BLDE.20200728.EPILITHON.2,4130025
BLDE.20200728.EPILITHON.3,5576452
BLDE.20200728.EPILITHON.4,5162005
BLDE.20200728.EPILITHON.5,4542592
BLDE.20200728.EPILITHON.6,6118448
BLDE.20200728.EPILITHON.7,4913661
BLDE.20200728.EPILITHON.8,4257968
BLDE.20210728.EPILITHON.1,2338415
BLDE.20210728.EPILITHON.2,2845130
BLDE.20210728.EPILITHON.3,3600955
BLDE.20210728.EPILITHON.4,3293648
BLDE.20210728.EPILITHON.5,2392068
BLDE.20210728.EPILITHON.6,2249924
BLDE.20210728.EPILITHON.7,1952616
BLDE.20210728.EPILITHON.8,3494481
BLUE.20210804.EPILITHON.1,61320232
BLUE.20210804.EPILITHON.2,50931643
BLUE.20210804.EPILITHON.3,46978407
BLUE.20210804.EPILITHON.4,56281886
BLUE.20210804.EPILITHON.5,91422805
BLUE.20210804.EPILITHON.6,46580080
BLUE.20210804.EPILITHON.7,66848043
CARI.20200714.EPILITHON.1,4952576
CARI.20200714.EPILITHON.2,4355323
CARI.20200714.EPILITHON.3,4973907
CARI.20200714.EPILITHON.4,5519425
CARI.20200714.EPILITHON.5,4539379
CARI.20200714.EPILITHON.6,3739949
CARI.20200714.EPILITHON.7,4317967
CARI.20210712.EPILITHON.1,2570322
CARI.20210712.EPILITHON.2,3539095
CARI.20210712.EPILITHON.3,3345491
CARI.20210712.EPILITHON.4,3041410
CARI.20210712.EPILITHON.5,1646397
CARI.20210712.EPILITHON.6,30
COMO.20200804.EPILITHON.1,4818418
COMO.20200804.EPILITHON.2,3238180
COMO.20200804.EPILITHON.3,4666634
COMO.20200804.EPILITHON.4,3988672
COMO.20200804.EPILITHON.5,4943608
COMO.20200804.EPIPSAMMON.1,3447716
COMO.20200804.EPIPSAMMON.2,1890390
COMO.20200804.EPIPSAMMON.3,3913108
COMO.20210810.EPILITHON.1,5202500
COMO.20210810.EPILITHON.2,3332136
COMO.20210810.EPILITHON.3,2734322
COMO.20210810.EPILITHON.4,3467215
COMO.20210810.EPILITHON.5,3677501
COMO.20210810.EPIPSAMMON.1,8418410
COMO.20210810.EPIPSAMMON.2,62265378
COMO.20210810.EPIPSAMMON.3,3628814
CUPE.20210630.EPILITHON.1,4205495
CUPE.20210630.EPILITHON.2,4118254
CUPE.20210630.EPILITHON.3,3318579
CUPE.20210630.EPILITHON.4,3357369
CUPE.20210630.EPILITHON.5,4320475
CUPE.20210630.EPILITHON.6,2389598
CUPE.20210630.EPILITHON.7,4253795
CUPE.20210630.EPILITHON.8,1372324
GUIL.20200820.EPILITHON.1,4741398
GUIL.20200820.EPILITHON.2,2392965
GUIL.20200820.EPILITHON.3,2965109
GUIL.20200820.EPILITHON.4,3346673
GUIL.20200820.EPILITHON.5,2895760
GUIL.20200820.EPILITHON.6,3453548
GUIL.20200820.EPILITHON.7,3299848
GUIL.20200820.EPILITHON.8,3146064
GUIL.20210707.EPILITHON.1,3901683
GUIL.20210707.EPILITHON.2,3111118
GUIL.20210707.EPILITHON.3,3198028
GUIL.20210707.EPILITHON.4,2517450
GUIL.20210707.EPILITHON.6,5735139
GUIL.20210707.EPILITHON.8,3816042
HOPB.20200719.EPILITHON.1,3795805
HOPB.20200719.EPILITHON.2,3793259
HOPB.20200719.EPILITHON.3,3829913
HOPB.20200719.EPILITHON.4,3597262
HOPB.20200719.EPILITHON.5,3898616
HOPB.20200719.EPIPSAMMON.1,2606113
HOPB.20200719.EPIPSAMMON.2,4986317
HOPB.20200719.EPIPSAMMON.3,6863857
HOPB.20210803.EPILITHON.1,2146979
HOPB.20210803.EPILITHON.2,2444217
HOPB.20210803.EPILITHON.3,3619360
HOPB.20210803.EPILITHON.4,3013725
HOPB.20210803.EPILITHON.5,4324750
HOPB.20210803.EPIPSAMMON.1,4415671
HOPB.20210803.EPIPSAMMON.2,3775095
HOPB.20210803.EPIPSAMMON.3,5125869
HOPB.20211020.EPIPSAMMON.1,27460789
HOPB.20211020.EPIPSAMMON.2,31981473
HOPB.20211020.EPIPSAMMON.3,33706645
KING.20200728.EPILITHON.2,7374285
KING.20200728.EPILITHON.3,2448316
KING.20200728.EPILITHON.4,6577268
KING.20200728.EPILITHON.5,2594640
KING.20200728.EPILITHON.6,3644477
KING.20200728.EPILITHON.7,498169
KING.20200728.EPILITHON.8,3638606
KING.20210809.EPILITHON.1,2779630
KING.20210809.EPILITHON.2,3048136
KING.20210809.EPILITHON.3,2660573
KING.20210809.EPILITHON.4,3191207
KING.20210809.EPILITHON.5,2941681
KING.20210809.EPILITHON.6,2760108
KING.20210809.EPILITHON.7,2125180
KING.20210809.EPILITHON.8,2329359
LECO.20200716.EPILITHON.1,5817727
LECO.20200716.EPILITHON.3,5466694
LECO.20200716.EPILITHON.4,4481057
LECO.20200716.EPILITHON.5,6141189
LECO.20200716.EPIPSAMMON.1,1872647
LECO.20200716.EPIPSAMMON.2,4199167
LECO.20200716.EPIPSAMMON.3,2311214
LECO.20210803.EPILITHON.1,7101781
LECO.20210803.EPILITHON.2,2766951
LECO.20210803.EPILITHON.3,3132506
LECO.20210803.EPILITHON.4,2978757
LECO.20210803.EPILITHON.5,2437448
LECO.20210803.EPIPSAMMON.1,5392819
LECO.20210803.EPIPSAMMON.2,3478880
LECO.20210803.EPIPSAMMON.3,4710637
LEWI.20210728.EPILITHON.1,3434024
LEWI.20210728.EPILITHON.2,4313888
LEWI.20210728.EPILITHON.3,3737367
LEWI.20210728.EPIPELON.1,4162529
LEWI.20210728.EPIPELON.2,6048967
LEWI.20210728.EPIPELON.3,8581874
LEWI.20210728.EPIPELON.4,8429075
LEWI.20210728.EPIPELON.5,4037483
MART.20200716.EPILITHON.1,367853
MART.20200716.EPILITHON.2,403498
MART.20200716.EPILITHON.3,388725
MART.20200716.EPILITHON.4,421941
MART.20200716.EPILITHON.5,489527
MART.20200716.EPILITHON.6,449524
MART.20200716.EPILITHON.7,413367
MART.20200716.EPILITHON.8,404694
MART.20210707.EPILITHON.1,3467440
MART.20210707.EPILITHON.2,2326692
MART.20210707.EPILITHON.3,2049893
MART.20210707.EPILITHON.4,2988220
MART.20210707.EPILITHON.5,2057129
MART.20210707.EPILITHON.6,2701813
MART.20210707.EPILITHON.7,1295763
MART.20210707.EPILITHON.8,2609538
MAYF.20200716.EPIPSAMMON.1,5888768
MAYF.20200716.EPIPSAMMON.2,4429494
MAYF.20200716.EPIPSAMMON.3,4283793
MAYF.20200716.EPIXYLON.1,3288844
MAYF.20200716.EPIXYLON.2,3288656
MAYF.20200716.EPIXYLON.3,3884000
MAYF.20210721.EPIPSAMMON.1,7097064
MAYF.20210721.EPIPSAMMON.2,5970124
MAYF.20210721.EPIPSAMMON.3,4316617
MAYF.20210721.EPIXYLON.1,2379911
MAYF.20210721.EPIXYLON.2,897151
MAYF.20210721.EPIXYLON.3,2057899
MAYF.20210721.EPIXYLON.4,2995155
MAYF.20210721.EPIXYLON.5,3105437
MCDI.20200813.EPILITHON.1,6849179
MCDI.20200813.EPILITHON.2,5806191
MCDI.20200813.EPILITHON.3,5173458
MCDI.20200813.EPILITHON.4,3773465
MCDI.20200813.EPILITHON.5,4245683
MCDI.20200813.EPILITHON.6,6031695
MCDI.20210727.EPILITHON.1,2926492
MCDI.20210727.EPILITHON.2,3545391
MCDI.20210727.EPILITHON.3,3921482
MCDI.20210727.EPILITHON.4,6663718
MCDI.20210727.EPILITHON.5,3804165
MCDI.20210727.EPILITHON.6,4578734
MCRA.20210721.EPILITHON.1,1531970
MCRA.20210721.EPILITHON.2,4903861
MCRA.20210721.EPILITHON.3,6083226
MCRA.20210721.EPILITHON.4,2503613
MCRA.20210721.EPILITHON.5,1632161
MCRA.20210721.EPILITHON.6,2438259
MCRA.20210721.EPILITHON.7,1340607
MCRA.20210721.EPILITHON.8,1317631
OKSR.20200724.EPILITHON.4,402960
OKSR.20200724.EPILITHON.5,363002
OKSR.20200724.EPILITHON.6,356671
OKSR.20200724.EPILITHON.7,2356731
OKSR.20210701.EPILITHON.1,3325311
OKSR.20210701.EPILITHON.2,2512741
OKSR.20210701.EPILITHON.3,3236397
OKSR.20210701.EPILITHON.4,967501
OKSR.20210701.EPILITHON.5,2192443
OKSR.20210701.EPILITHON.6,2752701
OKSR.20210701.EPILITHON.7,2250873
OKSR.20210701.EPILITHON.8,2477059
POSE.20210721.EPILITHON.1,4034592
POSE.20210721.EPILITHON.2,4193229
POSE.20210721.EPILITHON.3,4082517
POSE.20210721.EPILITHON.4,3621012
POSE.20210721.EPILITHON.5,4361106
POSE.20210721.EPIPELON.1,3751618
POSE.20210721.EPIPELON.2,6357968
POSE.20210721.EPIPELON.3,5789330
PRIN.20210714.EPILITHON.1,5787428
PRIN.20210714.EPILITHON.2,4018175
PRIN.20210714.EPILITHON.3,4792798
PRIN.20210714.EPIPSAMMON.1,1563582
PRIN.20210714.EPIPSAMMON.3,1284758
PRIN.20210714.EPIPSAMMON.4,1162521
PRIN.20210714.EPIPSAMMON.5,2126246
REDB.20210713.EPILITHON.1,3749297
REDB.20210713.EPILITHON.3,4011996
REDB.20210713.EPIPSAMMON.1,3446090
REDB.20210713.EPIPSAMMON.2,2280188
REDB.20210713.EPIPSAMMON.3,2852411
REDB.20210713.EPIPSAMMON.4,2344779
REDB.20210713.EPIPSAMMON.5,3400089
SYCA.20200916.EPIPSAMMON.2,3573367
SYCA.20200916.EPIPSAMMON.3,2399855
SYCA.20200916.EPIPSAMMON.4,3323681
SYCA.20200916.EPIPSAMMON.5,2703172
TECR.20210720.EPILITHON.1,4165749
TECR.20210720.EPILITHON.2,4257135
TECR.20210720.EPILITHON.3,3830677
TECR.20210720.EPILITHON.5,5285725
TECR.20210720.EPILITHON.6,4066088
TECR.20210720.EPILITHON.7,2603887
WALK.20200708.EPILITHON.1,3588862
WALK.20200708.EPILITHON.2,6563786
WALK.20200708.EPILITHON.3,4537286
WALK.20200708.EPILITHON.4,6243391
WALK.20200708.EPILITHON.5,4486138
WALK.20200708.EPIXYLON.1,5515758
WALK.20200708.EPIXYLON.2,7098342
WALK.20200708.EPIXYLON.3,6512946
WALK.20210728.EPILITHON.1,1150592
WALK.20210728.EPILITHON.2,571993
WALK.20210728.EPILITHON.5,1860766
WALK.20210728.EPIXYLON.1,4919346
WALK.20210728.EPIXYLON.3,4535030
WLOU.20200728.EPILITHON.1,5590886
WLOU.20200728.EPILITHON.2,5852670
WLOU.20200728.EPILITHON.3,6479940
WLOU.20200728.EPILITHON.4,4306036
WLOU.20200728.EPILITHON.5,5781799
WLOU.20200728.EPIPSAMMON.1,3739213
WLOU.20200728.EPIPSAMMON.2,5810533
WLOU.20200728.EPIPSAMMON.3,4698377
WLOU.20210721.EPILITHON.1,4986019
WLOU.20210721.EPILITHON.2,2982602
WLOU.20210721.EPILITHON.3,2922582
WLOU.20210721.EPILITHON.4,3019932
WLOU.20210721.EPILITHON.5,7636855
WLOU.20210721.EPIPSAMMON.1,4075590
WLOU.20210721.EPIPSAMMON.2,3597830
WLOU.20210721.EPIPSAMMON.3,7279051
LEWI.20170725.AMC.SESTON.1,4646456
POSE.20160712.AMC.SESTON.1,10573957
KING.20160809.AMC.PLANKTON.1,5025750
CRAM.20150804.AMC.PLANKTON.2,9499301
LECO.SS.20160808.AMC.SESTON.1,5310413
TOOK.IN.20160727,6503338
TOOK.OT.20160727,8714543
TOOK.C2.20160727,6187360
TOOK.C1.20160727,7424468
CARI.SS.20160801,11025552
OKSR.SS.20160809,9169294
SUGG.20160809.AMC.PLANKTON.2,7400079
SUGG.20160809.AMC.PLANKTON.3,10298170
CUPE.20160720.AMC.SESTON.1,10078305
SUGG.20150826.AMC.PLANKTON.2,8575799
SUGG.20150826.AMC.PLANKTON.3,3348662
SUGG.20160809.AMC.PLANKTON.1,16878486
POSE.20150811.AMC.SESTON.1,9654811
PRLA.20150803.AMC.PLANKTON.2,12180846
PRLA.20150803.AMC.PLANKTON.3,11280379
PRPO.20150804.AMC.PLANKTON.2,12121728
PRPO.20150804.AMC.PLANKTON.3,124414
PRPO.20160802.AMC.PLANKTON.1,5745029
PRPO.20170802.AMC.PLANKTON.1,13047396
PRLA.20160803.AMC.PLANKTON.2,2553350
MAYF.20160809.AMC.SESTON.1,1020372
PRLA.20150803.AMC.PLANKTON.1,11143547
POSE.20170724.AMC.SESTON.1,7906921
CRAM.20150804.AMC.PLANKTON.1,8994266
MAYF.SS.20180702,260313
BLWA.C0.20180724,10613747
MCRA.SS.20180724,4762547
TOMB.C0.20180724,6000681
LECO.SS.20180730,16795694
WALK.SS.20180709,2787553
COMO.SS.20180717,3591096
WLOU.SS.20180710,5219123
BARC.C0.20180731,12173318
BLUE.SS.20180717,11314750
HOPB.SS.20180717,5164414
KING.RE.20180709,31367140
LECO.SS.20170801,7082900
GUIL.SS.20170724,7661623
LIRO.C1.20170731,9853766
LIRO.OT.20170731,10433739
CRAM.IN.20170801,9626461
CRAM.C1.20170801,11843576
CRAM.C2.20170801,8738316
CRAM.OT.20170801,7976610
CUPE.SS.20170711,1980366
BLUE.SS.20170725,10243646
MCRA.SS.20170815,3097297
TOOK.IN.20170801,9707797
TOOK.C2.20170801,6122121
TOOK.C1.20170801,8473964
TOOK.OT.20170801,9032118
OKSR.SS.20170801,8932950
CARI.SS.20170807,5425310
MCDI.SS.20170808,3156394
BARC.C0.20170802,4504069
BARC.IN.20170802,5233732
BARC.OT.20170802,4351949
SUGG.C0.20170801,8535969
SUGG.IN.20170801,15022776
SUGG.OT.20170801,11475515
FLNT.C0.20170808,6749023
TOMB.C0.20170726,4283224
BLWA.C0.20170711,2008298
MAYF.SS.20170810,297296
PRLA.20170803.AMC.PLANKTON.2,14481511
PRPO.20150804.AMC.PLANKTON.1,5915076
PRLA.20170803.AMC.PLANKTON.3,15040200
PRPO.20170802.AMC.PLANKTON.2,9818138
SUGG.20150826.AMC.PLANKTON.1,11415683
PRPO.20170802.AMC.PLANKTON.3,9252751
ARIK.SS.20170801,11604434
COMO.SS.20170808,5307446
WLOU.SS.20170810,4292510
REDB.SS.20170801,11045838
HOPB.SS.20170808,7839839
PRIN.SS.20170711,10682351
MAYF.20150810.AMC.SESTON.1,1790205
PRIN.20160830.AMC.SESTON.1,12001202
SYCA.SS.20170801,7282588
KING.SS.20170801,5966986
MCDI.SS.20180710,11701281
OKSR.SS.20180814,3180318
BIGC.SS.20180702,9505094
CRAM.C2.20180807,6290248
FLNT.C0.20180829,10262302
BLDE.SS.20180702,2930714
SUGG.C0.20180730,4986892
LEWI.SS.20180725,9151796
SYCA.RE.20180807,5583012
REDB.SS.20180807,587455
PRIN.RE.20180724,9481282
CUPE.SS.20180710,4932552
MART.SS.20180710,7018431
REDB.SS.20180702,6371588
GUIL.SS.20180724,7095326
POSE.SS.20180724,16861968
PRPO.C0.20180807,6334254
ARIK.SS.20180702,8831809
BARC.C0.20200616,4999666
FLNT.C0.20200610,4865594
SUGG.C0.20200616,3307701
CUPE.SS.20200707,4264735
BLDE.SS.20200706,3496873
WALK.SS.20200714,3065768
GUIL.SS.20200714,3810457
COMO.SS.20200714,4478093
PRLA.C0.20200804,7596447
PRPO.C0.20200804,5493732
POSE.SS.20200728,420666
LEWI.SS.20200729,463250
MCDI.SS.20200805,343326
KING.SS.20200803,369358
OKSR.SS.20200728,449657
CARI.SS.20200804,359620
CRAM.C1.20200804,426284
CRAM.C2.20200804,479724
LIRO.C1.20200803,325950
TOOK.C1.20200707,378501
TOOK.C2.20200707,483625
TOOK.IN.20200707,492526
TOOK.OT.20200707,465949
SYCA.SS.20200914,392486
REDB.SS.20201005,436589
ARIK.SS.20201006,3897113
TECR.SS.20200706,1550887
BIGC.SS.20200707,3583765
PRIN.SS.20201020,4278855
BLUE.RE.20200317,3453922
TOMB.C0.20201110,2202011
BLWA.C0.20201019,3885359
LIRO.C1.20201005,3465996
TECR.SS.20190717,4893743
COMO.SS.20190716,2969954
GUIL.SS.20190716,2964916
REDB.SS.20190709,7266852
PRLA.C0.20190806,6318305
PRPO.C0.20190806,9320954
BLDE.SS.20190702,2734658
WLOU.SS.20190709,4167068
CRAM.C1.20190806,9907366
CRAM.C2.20190806,8399967
LIRO.C1.20190805,6158325
TOMB.C0.20190709,8737430
SYCA.SS.20190716,7581697
BLWA.C0.20190716,4877862
CARI.SS.20190710,4794371
HOPB.SS.20190717,3639176
KING.SS.20190708,3783324
CUPE.SS.20190709,1370145
BLUE.SS.20190716,7858982
TOOK.OT.20190709,153615
LECO.SS.20190812,4208047
OKSR.SS.20190820,3653711
TOOK.C1.20190709,6229280
TOOK.C2.20190709,6097115
TOOK.IN.20190709,5832218
ARIK.SS.20210707,3298971
ARIK.SS.20220705,60697865
BARC.C0.20211005,2653305
BARC.C0.20220809,52118061
BIGC.SS.20210713,6553682
BIGC.SS.20220808,29298773
BLDE.SS.20210706,2865536
BLDE.SS.20210804,2292224
BLUE.SS.20210713,3848810
BLUE.SS.20220712,70756859
BLWA.C0.20210720,628614
BLWA.C0.20220719,54326484
CARI.SS.20210714,4097675
COMO.SS.20210810,2537319
COMO.SS.20220714,29743450
CRAM.C1.20210809,53578859
CRAM.C1.20220802,70648701
CRAM.C2.20210809,54666596
CRAM.C2.20220802,57502835
FLNT.C0.20210803,2611826
FLNT.C0.20220802,39803277
GUIL.SS.20210713,3264528
GUIL.SS.20220712,30606241
HOPB.SS.20210720,2462690
HOPB.SS.20220719,61721585
KING.SS.20210714,2812385
LECO.SS.20210713,1122506
LECO.SS.20220712,40846036
LEWI.SS.20210726,4542650
LEWI.SS.20210825,47667899
LEWI.SS.20220725,49134254
LIRO.C1.20210802,41675123
LIRO.C1.20220801,60174750
MART.SS.20210706,1923935
MART.SS.20220712,45038292
MCDI.SS.20210713,3405493
OKSR.SS.20210803,12703139
POSE.SS.20210719,3423094
POSE.SS.20210824,99084299
POSE.SS.20220718,50662523
PRIN.SS.20210706,1894
PRLA.C0.20210803,50740230
SUGG.C0.20220810,50991938
SYCA.SS.20220705,34250706
TECR.SS.20220802,51792644
TOOK.C1.20210706,3380492
TOOK.C2.20210706,2596301
TOOK.IF.20220702,66739719
TOOK.OT.20210706,2159143
WALK.SS.20220711,50910207
POSE.20150811.AMC.SESTON.1-DNA2,13036022
ARIK.20140902.AMC.SESTON.1,15873614
PRLA.20160803.AMC.PLANKTON.1,16956072
PRLA.20170803.AMC.PLANKTON.1,10019781
PRPO.C0.20210803,51197820
SYCA.SS.20210715,57192916
TECR.SS.20210714,4538867
TOMB.C0.20220713,50363066
TOOK.C1.20220702,52356553
TOOK.C2.20220702,51628377
TOOK.IN.20210706,2568995
TOOK.OT.20220702,70981862
WLOU.SS.20210720,840210
WLOU.SS.20220719,40370538
ARIK.20140805.AMC.SESTON.1,5077463
ERR1701760,193454243
ERR315861,37268275
ERR315862,157483801
ERR318620,79400577
ERR598944,171823344
ERR598954,198947157
ERR598963,178391832
ERR598968,169187207
ERR598971,161904075
ERR598974,32640214
ERR598980,203060551
ERR598983,175709870
ERR598984,175215207
ERR598985,163884906
ERR598987,47590597
ERR598994,39004866
ERR599000,193948310
ERR599001,192823737
ERR599002,158732738
ERR599005,98790571
ERR599009,82687042
ERR599013,31997259
ERR599016,35244394
ERR599019,32614458
ERR599021,44808048
ERR599022,31188181
ERR599025,39481494
ERR599028,167815601
ERR599032,148509026
ERR599039,160558745
ERR599040,33039418
ERR599041,48563226
ERR599051,43341449
ERR599053,192926297
ERR599054,161739316
ERR599055,23417898
ERR599060,43325932
ERR599063,24299682
ERR599068,36765109
ERR599077,189710268
ERR599080,45594812
ERR599088,41885798
ERR599090,162376379
ERR599093,82150385
ERR599097,166474751
ERR315859,37138932
ERR315860,36471730
ERR315863,81348893
ERR318618,78309341
ERR318619,7750459
ERR598955,172718018
ERR598958,169374280
ERR598959,39525008
ERR598960,193309482
ERR598961,186537935
ERR598964,193301570
ERR598967,188596904
ERR598972,40377434
ERR598973,36358544
ERR598976,197290041
ERR598977,37991816
ERR598978,132336573
ERR598982,37498949
ERR598986,184108185
ERR598988,46645093
ERR598992,138972425
ERR598993,178744268
ERR598995,260321549
ERR598998,45832973
ERR599003,28783061
ERR599011,33058468
ERR599012,145560911
ERR599014,211090730
ERR599017,65886031
ERR599018,24566060
ERR599023,124808081
ERR599026,168211937
ERR599027,35923605
ERR599030,170801648
ERR599031,29231636
ERR599035,51411476
ERR599037,96756147
ERR599042,39802004
ERR599046,29462568
ERR599047,153692620
ERR599048,44710846
ERR599049,84799058
ERR599052,268626168
ERR599056,32430142
ERR599065,106884158
ERR599066,40744362
ERR599067,31501652
ERR599070,48102389
ERR599071,188413241
ERR599072,151345810
ERR599073,34617092
ERR599076,50208871
ERR599078,163649778
ERR599081,144302865
ERR599091,40632287
ERR599094,163486756
ERR599096,49208824
ERR599098,29141189
ERR599099,48323257
ERR599101,198548722
ERR599102,90915151
ERR599103,32575665
ERR599104,32015498
ERR599105,34321810
ERR599108,41820539
ERR599110,134460848
ERR599111,186394659
ERR599112,217014524
ERR599114,40873171
ERR599116,127604288
ERR599119,41753931
ERR599120,44124576
ERR599121,185737045
ERR599122,185382123
ERR599124,30247304
ERR599125,37941143
ERR599126,199969495
ERR599128,47208029
ERR599130,182246654
ERR599131,29048328
ERR599132,128441555
ERR599134,42338128
ERR599135,42593984
ERR599139,172444875
ERR599141,36367875
ERR599143,82259771
ERR599144,39585392
ERR599146,97461571
ERR599147,48218841
ERR599152,50322944
ERR599153,29087612
ERR599155,22318073
ERR599156,184965180
ERR599157,45427671
ERR599158,39639689
ERR599159,211149824
ERR599167,90831517
ERR599175,43326114
ERR315858,37425169
ERR318621,7837386
ERR598945,33583920
ERR598947,157398494
ERR598948,152838550
ERR598949,31290660
ERR598953,45394942
ERR598956,46945530
ERR598957,205922213
ERR598962,23694705
ERR598965,168674489
ERR598975,37620599
ERR598979,47095835
ERR598981,22301004
ERR598989,185084640
ERR598990,56350060
ERR598991,80815798
ERR598996,181426656
ERR598997,26764430
ERR598999,49475263
ERR599004,42839506
ERR599006,205255700
ERR599007,132310848
ERR599008,165107183
ERR599010,29989316
ERR599015,50200972
ERR599020,191986566
ERR599024,168575820
ERR599029,170893705
ERR599033,49578094
ERR599034,29238742
ERR599036,45780623
ERR599038,152737401
ERR599043,197568344
ERR599044,166255464
ERR599045,33337641
ERR599050,229499009
ERR599057,162192709
ERR599058,167968285
ERR599059,187035332
ERR599061,29895204
ERR599062,169599279
ERR599064,137311453
ERR599069,47020735
ERR599074,186493040
ERR599075,163785499
ERR599079,87453577
ERR599082,177998509
ERR599083,50760926
ERR599084,46763727
ERR599085,36044106
ERR599086,207930653
ERR599087,195448195
ERR599089,46576199
ERR599092,168907978
ERR599095,206216019
ERR599100,155563015
ERR599106,165520827
ERR599107,37367359
ERR599109,38736100
ERR599113,25845022
ERR599115,218276112
ERR599117,45583476
ERR599118,158808234
ERR599123,172644070
ERR599127,50332474
ERR599129,36029034
ERR599133,115745763
ERR599136,156890837
ERR599137,47160346
ERR599138,216077536
ERR599140,28063177
ERR599142,166097140
ERR599145,168689263
ERR599148,182916678
ERR599149,28016489
ERR599150,229786880
ERR599151,45550937
ERR599154,29555492
ERR599160,170855072
ERR599161,45777897
ERR599162,184794136
ERR599163,117367103
ERR599164,77300985
ERR599165,88397027
ERR599166,176695314
ERR599168,48098955
ERR599169,44546883
ERR599170,193109747
ERR599171,36479044
ERR599172,40775525
ERR599173,86553425
ERR599174,73893401
ERR599176,37754243
ERR598942,178806354
ERR598943,36281127
ERR598946,114296124
ERR598950,31011296
ERR598951,30123215
ERR598952,20856272
ERR598966,43009770
ERR598969,34379606
ERR598970,42438587
ERR14789945,125892995
ERR14789927,85790559
ERR14789929,75306838
ERR5863126,11514044
ERR14789957,76674267
ERR14789959,70237637
SRR7985596,209658491
SRR26175659,92588958
SRR28327192,24617032
SRR34141452,15129508
SRR24908263,139742437
ERR1877793,735464
ERR1877791,525460
ERR1877714,922920
ERR1877931,937444
ERR1877891,638027
ERR1877675,839135
ERR1877836,717855
ERR1877695,1380996
ERR1877728,831713
ERR1877814,580598
ERR1877914,889827
ERR1877651,750401
SRR5234506,11898795
SRR5234509,19143240
SRR10028484,19039549
ERR15362291,61939015
SRR5916339,13315834
SRR12418378,25529124
ERR1877712,543855
SRR18218239,131482923
SRR32467810,12490630
SRR34018561,35189031
ERR14789962,73257899
SRR28154547,36703703
SRR29270166,126948013
SRR9924777,42970356
SRR9924779,46792138
SRR31704008,69739595
SRR24908192,142945894
SRR24908171,87524964
SRR24908198,143047266
SRR30184006,32190413
SRR18218232,118088634
DEJU_001-M-20180619-COMP,4967111
DEJU_001-O-20180619-COMP,3127620
DEJU_002-M-20180619-COMP,5540263
DEJU_002-O-20180619-COMP,6896590
DEJU_006-M-20180618-COMP,5615781
DEJU_006-O-20180618-COMP,16017102
DEJU_009-M-20180619-COMP,6369127
DEJU_009-O-20180619-COMP,8357488
DEJU_014-M-20180618-COMP,10367012
DEJU_014-O-20180618-COMP,8907922
DEJU_015-M-20180619-COMP,14849007
DEJU_015-O-20180619-COMP,3295125
DEJU_045-M-20180621-COMP,6029737
DEJU_045-O-20180621-COMP,3185176
DEJU_046-M-20180621-COMP,6125309
DEJU_046-O-20180621-COMP,8742833
DEJU_047-M-20180621-COMP,13895372
DEJU_047-O-20180621-COMP,7792026
DEJU_048-M-20180621-COMP,9505346
DEJU_048-O-20180621-COMP,10262520
GUAN_001-M-20180924-COMP,7723969
GUAN_002-M-20180924-COMP,9229138
GUAN_003-M-20180925-COMP,17994731
GUAN_004-M-20180925-COMP,8294
GUAN_006-M-20180927-COMP,17704404
GUAN_007-M-20180925-COMP,11344457
GUAN_042-M-20180926-COMP,1314692
GUAN_043-M-20180927-COMP,2178915
GUAN_048-M-20180926-COMP,4710923
GUAN_049-M-20180926-COMP,9838711
KONZ_001-M-20180717-COMP,6069842
KONZ_002-M-20180716-COMP,6205770
KONZ_003-M-20180717-COMP,5589279
KONZ_004-M-20180716-COMP,10068715
KONZ_005-M-20180717-COMP,12005684
KONZ_024-M-20180716-COMP,8521179
KONZ_042-M-20180717-COMP,4132576
KONZ_043-M-20180718-COMP,7120444
KONZ_045-M-20180718-COMP,6206583
KONZ_046-M-20180717-COMP,4473511
LENO_001-M-20180711-COMP,5766921
LENO_002-M-20180709-COMP,2247276
LENO_003-M-20180709-COMP,7729763
LENO_004-M-20180709-COMP,6380453
LENO_005-M-20180709-COMP,7717872
LENO_006-M-20180709-COMP,4872121
LENO_061-M-20180709-COMP,3543942
LENO_062-M-20180709-COMP,7336401
LENO_063-M-20180709-COMP,7397057
LENO_064-M-20180709-COMP,2452968
MLBS_001-M-20180611-COMP,7178649
MLBS_001-O-20180611-COMP,6693844
MLBS_002-M-20180612-COMP,5324084
MLBS_002-O-20180612-COMP,2098342
MLBS_003-M-20180612-COMP,8198703
MLBS_003-O-20180612-COMP,6116707
MLBS_005-M-20180611-COMP,9279776
MLBS_005-O-20180611-COMP,11534259
MLBS_064-M-20180612-COMP,4792195
MLBS_064-O-20180612-COMP,4997639
NIWO_001-O-20180731-COMP,12396796
NIWO_002-O-20180731-COMP,10376916
NIWO_003-M-20180730-COMP,9436623
NIWO_006-M-20180730-COMP,7582811
NIWO_006-O-20180730-COMP,13326503
NIWO_040-O-20180730-COMP,10478280
NIWO_041-M-20180731-COMP,8727756
NIWO_041-O-20180731-COMP,15939363
NIWO_042-O-20180730-COMP,6927069
NIWO_043-O-20180731-COMP,4145186
OAES_001-M-20180529-COMP,4437139
OAES_002-M-20180530-COMP,6219464
OAES_003-M-20180529-COMP,5542812
OAES_004-M-20180529-COMP,7999038
OAES_007-M-20180530-COMP,9318464
OAES_009-M-20180530-COMP,8540848
OAES_042-M-20180529-COMP,19821680
OAES_043-M-20180530-COMP,8065900
OAES_044-M-20180530-COMP,13487610
OAES_045-M-20180530-COMP,5060125
CLBJ_001-M-20180410-COMP,4020687
CLBJ_002-M-20180410-COMP,7012882
CLBJ_003-M-20180411-COMP,7582960
CLBJ_006-M-20180410-COMP,4913558
CLBJ_031-M-20180409-COMP,6338333
CLBJ_032-M-20180411-COMP,21297352
CLBJ_033-M-20180409-COMP,3470706
CLBJ_034-M-20180409-COMP,3303640
CLBJ_038-M-20180411-COMP,6224546
CLBJ_040-M-20180411-COMP,5166587
MLBS_006-M-20180612-COMP,5684921
MLBS_006-O-20180612-COMP,5020932
MLBS_007-M-20180612-COMP,7760303
MLBS_007-O-20180612-COMP,6411130
MLBS_061-M-20180612-COMP,6373526
MLBS_061-O-20180612-COMP,7661640
MLBS_063-M-20180612-COMP,5495348
MLBS_063-O-20180612-COMP,7560750
MLBS_067-M-20180612-COMP,7314184
MLBS_067-O-20180612-COMP,6213873
ORNL_001-O-20180717-COMP,10357800
ORNL_002-O-20180717-COMP,14005223
ORNL_003-O-20180717-COMP,4556443
ORNL_004-O-20180717-COMP,3645695
ORNL_006-O-20180718-COMP,5864307
ORNL_027-O-20180717-COMP,7401498
ORNL_043-O-20180718-COMP,4169520
ORNL_046-O-20180718-COMP,25266488
SJER_001-M-20180220-COMP,7892805
SJER_002-M-20180222-COMP,7984762
SJER_003-M-20180219-COMP,21023457
SJER_004-M-20180227-COMP,7999649
SJER_005-M-20180227-COMP,5262456
SJER_025-M-20180227-COMP,5313802
SJER_045-M-20180222-COMP,4204175
SJER_046-M-20180222-COMP,5296577
SJER_047-M-20180220-COMP,5962678
SJER_048-M-20180220-COMP,5976620
SOAP_001-M-20180529-COMP,6012341
SOAP_002-M-20180531-COMP,5214859
SOAP_003-M-20180531-COMP,724897
SOAP_004-M-20180530-COMP,6067612
SOAP_005-M-20180529-COMP,7953369
SOAP_031-M-20180531-COMP,7670371
SOAP_043-M-20180531-COMP,8690618
SOAP_044-M-20180530-COMP,6038392
SOAP_045-M-20180530-COMP,8646535
UKFS_001-M-20180813-COMP,6036219
UKFS_003-M-20180814-COMP,8939037
UKFS_005-M-20180814-COMP,6242099
UKFS_031-M-20180813-COMP,5764872
UKFS_043-M-20180813-COMP,2003619
UKFS_044-M-20180813-COMP,6768389
UNDE_001-M-20180723-COMP,14188253
UNDE_001-O-20180723-COMP,15636848
UNDE_002-O-20180724-COMP,13404093
UNDE_003-M-20180723-COMP,15750504
UNDE_003-O-20180723-COMP,5128031
UNDE_006-M-20180723-COMP,6202997
UNDE_008-M-20180723-COMP,14038560
UNDE_010-M-20180723-COMP,21346749
UNDE_010-O-20180723-COMP,23778851
UNDE_037-O-20180724-COMP,15056814
UNDE_038-M-20180726-COMP,18266179
UNDE_038-O-20180726-COMP,3021967
UNDE_043-M-20180724-COMP,2735
UNDE_044-M-20180724-COMP,11927931
UNDE_044-O-20180724-COMP,21989971
WREF_001-M-20180625-COMP,6193598
WREF_001-O-20180625-COMP,6348672
WREF_003-M-20180626-COMP,5321001
WREF_004-M-20180626-COMP,7062159
WREF_005-M-20180625-COMP,2270482
WREF_007-O-20180625-COMP,7550909
WREF_008-M-20180626-COMP,8363162
WREF_070-M-20180628-COMP,3493545
WREF_071-M-20180627-COMP,2636802
WREF_072-M-20180628-COMP,8328036
WREF_072-O-20180628-COMP,22499979
WREF_073-O-20180627-COMP,3622131
BONA_001-O-20180920-COMP,7423571
BONA_002-O-20180920-COMP,7244
BONA_004-O-20180919-COMP,9427193
BONA_006-O-20180928-COMP,9033382
BONA_009-O-20180919-COMP,6007006
BONA_013-O-20180919-COMP,14253124
BONA_070-O-20180918-COMP,46019
BONA_071-O-20180918-COMP,11322500
BONA_080-O-20180918-COMP,9313126
BONA_084-O-20180918-COMP,1883
CPER_001-M-20180702-COMP,6051499
CPER_002-M-20180702-COMP,6608106
CPER_003-M-20180702-COMP,10344784
CPER_004-M-20180702-COMP,12066038
CPER_005-M-20180702-COMP,12153725
CPER_006-M-20180702-COMP,10699684
CPER_045-M-20180702-COMP,11408282
CPER_046-M-20180702-COMP,10391744
CPER_047-M-20180702-COMP,5048964
CPER_048-M-20180702-COMP,11796294
DSNY_001-M-20180822-COMP,2036574
DSNY_003-M-20180822-COMP,4745739
DSNY_004-M-20180820-COMP,7458788
DSNY_005-M-20180820-COMP,1771
DSNY_006-M-20180823-COMP,4633740
DSNY_009-M-20180823-COMP,8289332
DSNY_041-M-20180820-COMP,8587031
DSNY_042-M-20180820-COMP,9109190
DSNY_043-M-20180823-COMP,5041405
DSNY_044-M-20180820-COMP,4957114
HARV_001-M-20180710-COMP,444124
HARV_001-O-20180710-COMP,8013177
HARV_002-M-20180711-COMP,1684770
HARV_002-O-20180711-COMP,7111289
HARV_004-M-20180710-COMP,8597909
HARV_004-O-20180710-COMP,4250288
HARV_005-M-20180711-COMP,6149393
HARV_005-O-20180711-COMP,9422703
HARV_013-M-20180712-COMP,8098354
HARV_013-O-20180712-COMP,7653431
HARV_021-M-20180712-COMP,610653
HARV_021-O-20180712-COMP,6286423
HARV_033-M-20180709-COMP,7837445
HARV_033-O-20180709-COMP,8189049
HARV_034-M-20180709-COMP,5887792
HARV_034-O-20180709-COMP,13610474
HARV_035-M-20180709-COMP,7506806
HARV_035-O-20180709-COMP,7375618
HARV_037-M-20180710-COMP,5833972
HARV_037-O-20180710-COMP,99116
NIWO_004-M-20180801-COMP,7029084
NIWO_005-M-20180801-COMP,11609726
NIWO_005-O-20180801-COMP,14020647
SCBI_003-M-20180716-COMP,6540602
SCBI_008-M-20180716-COMP,6636835
SCBI_049-M-20180716-COMP,6008121
TOOL_001-O-20180807-COMP,2288384
TOOL_002-O-20180807-COMP,2724701
TOOL_003-O-20180808-COMP,3047347
TOOL_004-O-20180808-COMP,3263648
TOOL_005-O-20180807-COMP,3156139
TOOL_006-O-20180807-COMP,4480045
TOOL_041-O-20180806-COMP,2573883
TOOL_042-O-20180806-COMP,3839374
TOOL_043-O-20180806-COMP,3237141
TOOL_044-O-20180806-COMP,2337293
UKFS_002-M-20180815-COMP,6887534
UKFS_004-M-20180815-COMP,5205925
UKFS_009-M-20180814-COMP,6961882
UKFS_032-M-20180814-COMP,5509859
YELL_001-M-20180710-COMP,12943618
YELL_002-M-20180711-COMP,7522992
YELL_003-M-20180710-COMP,9252753
YELL_009-M-20180712-COMP,7488592
YELL_012-M-20180709-COMP,5579684
YELL_016-M-20180710-COMP,5919397
YELL_046-M-20180712-COMP,4187122
YELL_048-M-20180712-COMP,6045741
YELL_051-M-20180711-COMP,5285762
YELL_052-M-20180711-COMP,5661110
ONAQ_002-M-20180531-COMP,8398890
ONAQ_003-M-20180531-COMP,8761465
ONAQ_004-M-20180529-COMP,5485683
ONAQ_005-M-20180530-COMP,7975786
ONAQ_008-M-20180529-COMP,5757008
ONAQ_010-M-20180529-COMP,6854907
ONAQ_041-M-20180530-COMP,5728373
ONAQ_042-M-20180530-COMP,5937941
ONAQ_043-M-20180530-COMP,5708363
ONAQ_044-M-20180530-COMP,11184286
OSBS_001-M-20180709-COMP,3594369
OSBS_002-M-20180709-COMP,10922929
OSBS_003-M-20180709-COMP,5998562
OSBS_026-M-20180710-COMP,7974594
OSBS_027-M-20180710-COMP,13018451
OSBS_029-M-20180710-COMP,10482703
OSBS_031-M-20180710-COMP,1948551
SCBI_004-M-20180717-COMP,6368801
SCBI_005-M-20180718-COMP,6816020
SCBI_006-M-20180717-COMP,6962494
SCBI_012-M-20180718-COMP,6126063
SCBI_045-M-20180718-COMP,7146097
SCBI_047-M-20180717-COMP,5517003
SCBI_067-M-20180717-COMP,5763651
SRER_001-M-20180801-COMP,8421998
SRER_002-M-20180801-COMP,184062
SRER_003-M-20180801-COMP,133434
SRER_004-M-20180801-COMP,9587851
SRER_005-M-20180801-COMP,837741
SRER_006-M-20180801-COMP,1452
SRER_043-M-20180801-COMP,4820927
SRER_047-M-20180801-COMP,9916790
SRER_052-M-20180801-COMP,2351
SRER_053-M-20180801-COMP,9879068
TALL_001-M-20180620-COMP,7446518
TALL_002-M-20180620-COMP,5982979
TALL_003-M-20180620-COMP,1867277
TALL_004-M-20180620-COMP,2136867
TALL_006-M-20180620-COMP,5876921
TALL_007-M-20180620-COMP,7042307
TALL_044-M-20180618-COMP,6624184
TALL_047-M-20180618-COMP,7376490
TALL_051-M-20180618-COMP,7842216
TALL_054-M-20180618-COMP,6185465
WOOD_001-M-20180723-COMP,4675368
WOOD_002-M-20180724-COMP,6429282
WOOD_003-M-20180723-COMP,4529052
WOOD_003-O-20180723-COMP,2592615
WOOD_004-M-20180723-COMP,1443442
WOOD_005-M-20180724-COMP,1514207
WOOD_024-M-20180725-COMP,2610250
WOOD_042-M-20180723-COMP,5535716
WOOD_043-M-20180724-COMP,1209282
WOOD_045-M-20180723-COMP,1702730
WOOD_045-O-20180723-COMP,979258
BART_001-O-20210609-COMP,6141666
BART_002-O-20210609-COMP,25107082
BART_003-O-20210610-COMP,23434728
BART_004-O-20210610-COMP,32505954
BART_005-O-20210611-COMP,23499579
BART_023-O-20210610-COMP,101462902
BART_036-O-20210609-COMP,13651927
BART_040-O-20210608-COMP,38348929
BART_042-O-20210609-COMP,4101770
BART_071-O-20210608-COMP,38982516
BLAN_001-M-20200714-COMP,3261828
BLAN_003-M-20200716-COMP,3484962
BLAN_004-M-20200715-COMP,4120985
BLAN_005-M-20200713-COMP,8622264
BLAN_006-M-20200715-COMP,6977324
BLAN_007-M-20200713-COMP,4146255
BLAN_031-M-20200713-COMP,5121920
BLAN_032-M-20200714-COMP,3799422
BLAN_033-M-20200713-COMP,4393988
BLAN_038-M-20200714-COMP,3152395
BONA_001-M-20190830-COMP,7268231
BONA_001-M-26-4.5-20190830-GEN,4660381
BONA_001-O-20190830-COMP,5755165
BONA_001-O-20200917-COMP,7079107
BONA_002-M-20190828-COMP,4947464
BONA_002-O-20190828-COMP,6391076
BONA_002-O-20200915-COMP,5804357
BONA_004-M-20190830-COMP,3902632
BONA_004-O-20190830-COMP,5485302
BONA_004-O-20200914-COMP,4730597
BONA_006-M-20190828-COMP,4274047
BONA_006-O-20190828-COMP,4414285
BONA_006-O-20200914-COMP,1700572
BONA_009-M-20190828-COMP,5754651
BONA_009-O-20190828-COMP,2829317
BONA_009-O-20200914-COMP,4856700
BONA_013-M-20190828-COMP,3614049
BONA_013-O-20190828-COMP,4663661
BONA_013-O-20200915-COMP,4779129
BONA_013-O-20210707-COMP,895975
BONA_070-M-20190826-COMP,4464407
BONA_070-O-20200916-COMP,5431543
BONA_070-O-20210706-COMP,1176273
BONA_071-M-20190826-COMP,2858049
BONA_071-O-20190826-COMP,3339917
BONA_071-O-20200915-COMP,63246
BONA_071-O-20210706-COMP,5887612
BONA_080-M-20190826-COMP,3135089
BONA_080-O-20190826-COMP,3860994
BONA_080-O-20200916-COMP,5521140
BONA_080-O-20210706-COMP,5399551
BONA_084-M-20190830-COMP,4332066
BONA_084-O-20190830-COMP,4529513
BONA_084-O-20200916-COMP,4770040
BONA_084-O-20210706-COMP,4954640
CLBJ_001-M-20190416-COMP,375047
CLBJ_002-M-20190415-COMP,7946035
CLBJ_003-M-20190415-COMP,3472614
CLBJ_006-M-20190416-COMP,594410
CLBJ_031-M-20190416-COMP,1044416
CLBJ_032-M-20190415-COMP,1916347
CLBJ_033-M-20190415-COMP,1858615
CLBJ_034-M-20190416-COMP,6155283
CLBJ_040-M-20190415-COMP,813787
CPER_001-M-20190626-COMP,1320684
CPER_001-M-20210630-COMP,97090173
CPER_002-M-20190624-COMP,4242065
CPER_002-M-20200624-COMP,7778899
CPER_002-M-20210628-COMP,359061
CPER_003-M-20190624-COMP,4291454
CPER_003-M-20210628-COMP,93407508
CPER_004-M-20190624-COMP,3337654
CPER_004-M-20210630-COMP,85694628
CPER_005-M-20190624-COMP,9956866
CPER_005-M-20210628-COMP,103210847
CPER_006-M-20190624-COMP,5009387
CPER_006-M-20200624-COMP,8176538
CPER_006-M-20210628-COMP,5304788
CPER_045-M-20190624-COMP,2786113
CPER_045-M-20200624-COMP,7721553
CPER_045-M-20210628-COMP,6318316
CPER_046-M-20190624-COMP,4260740
CPER_046-M-20200624-COMP,8254427
CPER_046-M-20210628-COMP,466439
CPER_047-M-20190624-COMP,5356298
CPER_047-M-20200623-COMP,5247859
CPER_047-M-20210628-COMP,12333109
CPER_048-M-20190624-COMP,12855027
CPER_048-M-20200623-COMP,7869640
CPER_048-M-20210628-COMP,267336
DCFS_003-M-20190731-COMP,6663353
DCFS_004-M-20190729-COMP,5656492
DCFS_006-M-20190729-COMP,4044115
DCFS_007-M-20190722-COMP,4756740
DCFS_008-M-20190722-COMP,6578818
DCFS_009-M-13.5-33-20191001-GEN,1979433
DCFS_009-M-20190729-COMP,3874072
DCFS_062-M-20190724-COMP,3687903
DCFS_063-M-20190724-COMP,6989051
DCFS_065-M-20190724-COMP,5968513
DCFS_067-M-20190724-COMP,5569770
DELA_001-M-20190626-COMP,4154983
DELA_002-M-20190624-COMP,8747548
DELA_003-M-20190626-COMP,5253762
DELA_004-M-20190624-COMP,7755404
DELA_005-M-20190624-COMP,6549079
DELA_014-M-20190624-COMP,6537088
DELA_037-M-20190626-COMP,6301384
DELA_038-M-20190626-COMP,9588641
DELA_040-M-20190626-COMP,7862613
DELA_041-M-20190626-COMP,3665997
GRSM_001-M-20210630-COMP,6092386
GRSM_002-M-20210628-COMP,5752281
GRSM_002-O-20210628-COMP,6573849
GRSM_003-M-20210629-COMP,3736853
GRSM_003-O-20210629-COMP,4979919
GRSM_006-M-20210628-COMP,8074959
GRSM_006-O-20210628-COMP,56517013
GRSM_007-M-20210701-COMP,10896683
GRSM_016-M-20210701-COMP,4307420
GRSM_016-O-20210701-COMP,8192175
GRSM_055-M-20210630-COMP,3861963
GRSM_058-M-20210630-COMP,8348220
GRSM_059-M-20210629-COMP,5336945
GRSM_060-M-20210629-COMP,4099219
GUAN_001-M-20190930-COMP,3790937
GUAN_001-M-20200831-COMP,122668068
GUAN_001-M-20210921-COMP,4871814
GUAN_002-M-20190930-COMP,3212352
GUAN_002-M-20200831-COMP,93906525
GUAN_003-M-20191001-COMP,2889157
GUAN_003-M-20200901-COMP,58334784
GUAN_004-M-20191001-COMP,4221092
GUAN_004-M-20200831-COMP,10357496
GUAN_006-M-20191003-COMP,3906115
GUAN_006-M-20200901-COMP,147687300
GUAN_007-M-20190930-COMP,3673407
GUAN_007-M-20200901-COMP,92549224
GUAN_042-M-20191001-COMP,49123
GUAN_042-M-20200902-COMP,139063677
GUAN_043-M-20191002-COMP,3570440
GUAN_043-M-20200901-COMP,70930117
GUAN_048-M-20191002-COMP,3927532
GUAN_048-M-20200902-COMP,107619399
GUAN_049-M-20191002-COMP,2897272
GUAN_049-M-20200902-COMP,86457585
GUAN_049-M-20210921-COMP,5041733
HARV_001-O-20190717-COMP,4724040
HARV_001-O-20200713-COMP,5644206
HARV_001-O-20210707-COMP,35164560
HARV_002-O-20190716-COMP,5617674
HARV_002-O-20200715-COMP,5550699
HARV_002-O-20210708-COMP,27368698
HARV_004-O-20190718-COMP,3895522
HARV_004-O-20200713-COMP,3082836
HARV_004-O-20210706-COMP,26662183
HARV_005-O-20190716-COMP,6119544
HARV_005-O-20200716-COMP,3639378
HARV_005-O-20210708-COMP,10904248
HARV_013-O-20190717-COMP,5738784
HARV_013-O-20200713-COMP,4815639
HARV_013-O-20210707-COMP,9593730
HARV_021-O-20190716-COMP,4207849
HARV_021-O-20200714-COMP,4680346
HARV_021-O-20210708-COMP,42344552
HARV_033-O-20190715-COMP,5510179
HARV_033-O-20200715-COMP,5487658
HARV_033-O-20210705-COMP,23724641
HARV_034-O-20190718-COMP,4652384
HARV_034-O-20200713-COMP,224885
HARV_034-O-20210705-COMP,37253285
HARV_035-O-20190718-COMP,6530246
HARV_035-O-20200715-COMP,4714618
HARV_035-O-20210705-COMP,2522169
HARV_037-O-20190715-COMP,5769099
HARV_037-O-20200713-COMP,6143258
HARV_037-O-20210706-COMP,32089502
HEAL_001-O-20210623-COMP,957032
HEAL_004-M-20210624-COMP,1427859
HEAL_004-O-20210624-COMP,1295197
HEAL_005-M-20210623-COMP,2000300
HEAL_005-O-20210623-COMP,761658
HEAL_010-M-20210625-COMP,1683526
HEAL_010-O-20210625-COMP,1093788
HEAL_011-M-20210625-COMP,1315108
HEAL_011-O-20210625-COMP,2143458
HEAL_025-M-20210624-COMP,1698647
HEAL_025-O-20210624-COMP,573001
HEAL_045-M-20210622-COMP,2601550
HEAL_045-O-20210622-COMP,1953949
HEAL_046-M-20210622-COMP,1742767
HEAL_046-O-20210622-COMP,736617
HEAL_047-M-20210622-COMP,1443189
JERC_001-M-20190729-COMP,6548103
JERC_002-M-20190730-COMP,5882597
JERC_003-M-20190729-COMP,6124165
JERC_004-M-20190730-COMP,4015651
JERC_005-M-20190729-COMP,2909510
JERC_006-M-20190729-COMP,3937726
JERC_047-M-20190730-COMP,3793582
JERC_048-M-20190730-COMP,6200655
JERC_049-M-20190730-COMP,4728738
JERC_050-M-20190730-COMP,5321080
KONA_001-M-20190619-COMP,449539
KONA_002-M-20190617-COMP,2219538
KONA_003-M-20190617-COMP,1511613
KONA_005-M-20190617-COMP,3207050
KONA_006-M-20190617-COMP,869584
KONA_048-M-20190618-COMP,983593
KONA_057-M-20190618-COMP,403981
KONZ_001-M-20190716-COMP,3025430
KONZ_001-M-20200728-COMP,8542683
KONZ_001-M-20210720-COMP,2694696
KONZ_002-M-20190716-COMP,1754662
KONZ_002-M-20200728-COMP,13161290
KONZ_002-M-20210720-COMP,1589346
KONZ_003-M-20190715-COMP,958689
KONZ_003-M-20200803-COMP,8470274
KONZ_003-M-20210719-COMP,1578649
KONZ_004-M-20190715-COMP,2702580
KONZ_004-M-20200731-COMP,7927247
KONZ_004-M-20210719-COMP,1566101
KONZ_005-M-20190715-COMP,412009
KONZ_005-M-20200803-COMP,8071493
KONZ_005-M-20210719-COMP,1619297
KONZ_024-M-20190715-COMP,1355170
KONZ_024-M-20200731-COMP,7364333
KONZ_042-M-20190716-COMP,2741219
KONZ_042-M-20200728-COMP,8654316
KONZ_043-M-20190717-COMP,3781228
KONZ_043-M-20200728-COMP,6382830
KONZ_045-M-20190717-COMP,3301764
KONZ_045-M-20200730-COMP,10610109
KONZ_046-M-20190716-COMP,3264487
KONZ_046-M-20200730-COMP,10123619
LAJA_001-M-20201019-COMP,32295222
LAJA_002-M-20201021-COMP,558486
LAJA_003-M-20201019-COMP,22491364
LAJA_004-M-20201015-COMP,26830710
LAJA_005-M-20201015-COMP,28164915
LAJA_015-M-20201021-COMP,89304485
LAJA_042-M-20201014-COMP,76230861
LAJA_044-M-20201014-COMP,122376748
LAJA_046-M-20201014-COMP,59202926
LAJA_051-M-20201014-COMP,118733099
NIWO_001-M-20190807-COMP,4317476
NIWO_001-O-20200706-COMP,5378637
NIWO_002-M-20190729-COMP,2964039
NIWO_002-O-20200706-COMP,9949336
NIWO_003-M-20190731-COMP,3335505
NIWO_003-M-20200708-COMP,2655675
NIWO_004-M-20190731-COMP,4212315
NIWO_004-M-20200708-COMP,10826867
NIWO_004-O-20190731-COMP,2412471
NIWO_004-O-20200708-COMP,3318455
NIWO_005-M-20190731-COMP,3841175
NIWO_005-M-20200708-COMP,3254501
NIWO_006-M-20190731-COMP,3584134
NIWO_006-M-20210727-COMP,4442887
NIWO_040-M-20190807-COMP,3888669
NIWO_040-O-20190807-COMP,4539222
NIWO_040-O-20200708-COMP,6735987
NIWO_040-O-20210728-COMP,2974376
NIWO_041-M-20190805-COMP,4505338
NIWO_041-M-20200706-COMP,9160149
NIWO_041-M-20210726-COMP,3553754
NIWO_041-O-20200706-COMP,5939133
NIWO_042-M-20190805-COMP,4292924
NIWO_042-M-20200706-COMP,6366870
NIWO_042-M-20210728-COMP,3414229
NIWO_042-O-20200706-COMP,12067023
NIWO_043-M-20190805-COMP,3444540
NIWO_043-M-20200708-COMP,250068
NIWO_043-M-20210726-COMP,2537931
NOGP_001-M-20200701-COMP,4329203
NOGP_002-M-20200701-COMP,3327941
NOGP_003-M-20200708-COMP,5085428
NOGP_005-M-20200706-COMP,3543603
NOGP_006-M-20200701-COMP,5129642
NOGP_012-M-20200706-COMP,8130501
NOGP_061-M-20200708-COMP,5926192
NOGP_062-M-20200708-COMP,6444404
NOGP_064-M-20200706-COMP,3687193
NOGP_065-M-20200706-COMP,4152519
NOGP_065-O-20200706-COMP,6768491
ONAQ_002-M-20190618-COMP,2097939
ONAQ_002-M-20200709-COMP,7974819
ONAQ_002-M-20210524-COMP,324227
ONAQ_003-M-20190618-COMP,274220
ONAQ_003-M-20200709-COMP,6073462
ONAQ_003-M-20210527-COMP,642025
ONAQ_004-M-20190620-COMP,337755
ONAQ_004-M-20200712-COMP,6146067
ONAQ_004-M-20210525-COMP,492805
ONAQ_005-M-20190617-COMP,656452
ONAQ_005-M-20200711-COMP,12418611
ONAQ_005-M-20210527-COMP,388573
ONAQ_008-M-20190617-COMP,4077574
ONAQ_008-M-20200711-COMP,12950489
ONAQ_008-M-20210524-COMP,186112
ONAQ_010-M-20190617-COMP,2228227
ONAQ_010-M-20200710-COMP,13766
ONAQ_010-M-20210526-COMP,403253
ONAQ_041-M-20190619-COMP,1243919
ONAQ_041-M-20200713-COMP,2378784
ONAQ_041-M-20210524-COMP,446619
ONAQ_042-M-20190619-COMP,1424285
ONAQ_042-M-20200712-COMP,6759153
ONAQ_042-M-20210524-COMP,286329
ONAQ_043-M-20190619-COMP,959198
ONAQ_043-M-20200713-COMP,6476528
ONAQ_043-M-20210525-COMP,319337
ONAQ_044-M-20190619-COMP,2984417
ONAQ_044-M-20200713-COMP,11642248
ONAQ_044-M-20210525-COMP,445158
ORNL_001-M-20190613-COMP,3232872
ORNL_001-M-20200601-COMP,9639854
ORNL_001-M-20210707-COMP,4951623
ORNL_001-O-20210707-COMP,6345097
ORNL_002-M-20190610-COMP,181420
ORNL_002-M-20200603-COMP,6618244
ORNL_002-M-20210708-COMP,7409822
ORNL_002-O-20200603-COMP,7339366
ORNL_003-M-20190610-COMP,4414292
ORNL_003-M-20200603-COMP,2742018
ORNL_003-M-20210708-COMP,8570903
ORNL_003-O-20200603-COMP,7211159
ORNL_003-O-20210708-COMP,10030252
ORNL_004-M-20190614-COMP,737514
ORNL_004-M-20200601-COMP,10297603
ORNL_004-M-20210707-COMP,4474629
ORNL_004-O-20200601-COMP,6343616
ORNL_006-M-20190610-COMP,170970
ORNL_006-M-20200603-COMP,7684876
ORNL_006-M-20210708-COMP,6169498
ORNL_027-M-20190614-COMP,905915
ORNL_027-M-20200601-COMP,9094145
ORNL_027-M-20210707-COMP,5125457
ORNL_043-M-20190612-COMP,2457405
ORNL_043-M-20200602-COMP,8813497
ORNL_043-M-20210706-COMP,5907498
ORNL_046-M-20190612-COMP,3873674
ORNL_046-M-20200602-COMP,6366589
ORNL_046-M-20210706-COMP,7318063
ORNL_049-M-20190612-COMP,3644250
ORNL_049-M-20200602-COMP,6617374
ORNL_053-M-20190612-COMP,789552
ORNL_053-M-20200602-COMP,4926373
ORNL_053-M-20210706-COMP,4448810
OSBS_001-M-20210706-COMP,4500474
OSBS_001-O-20190702-COMP,6581920
OSBS_001-O-20200706-COMP,508834
OSBS_001-O-20210706-COMP,3841976
OSBS_002-M-20190701-COMP,3586899
OSBS_002-M-20200706-COMP,4270100
OSBS_002-M-20210706-COMP,2964488
OSBS_003-M-20200706-COMP,5166362
OSBS_003-M-20210708-COMP,5056200
OSBS_003-O-20190701-COMP,5206983
OSBS_003-O-20210708-COMP,3060170
OSBS_004-M-20200708-COMP,885311
OSBS_004-M-20210708-COMP,2797586
OSBS_005-O-20200706-COMP,6219
OSBS_005-O-20210708-COMP,4631484
OSBS_026-M-20190702-COMP,4218237
OSBS_026-M-20200708-COMP,4445400
OSBS_026-M-20210706-COMP,2814799
OSBS_027-M-20190702-COMP,1471264
OSBS_027-M-20200708-COMP,4411767
OSBS_027-M-20210706-COMP,4067395
OSBS_029-M-20190702-COMP,1809695
OSBS_029-M-20200708-COMP,5326597
OSBS_029-M-20210706-COMP,4391567
OSBS_031-M-20200708-COMP,2203715
OSBS_031-M-20210708-COMP,3558467
OSBS_063-M-20200706-COMP,4820228
OSBS_063-M-20210708-COMP,4123819
PUUM_004-M-20190109-COMP,8313828
PUUM_004-M-20200114-COMP,4027648
PUUM_004-M-20210106-COMP,479509
PUUM_004-O-20210106-COMP,668224
PUUM_006-M-20190107-COMP,1854957
PUUM_006-O-20190107-COMP,8280548
PUUM_006-O-20200106-COMP,4043281
PUUM_006-O-20210104-COMP,9888551
PUUM_007-M-20190109-COMP,12055259
PUUM_007-O-20190109-COMP,5268235
PUUM_007-O-20200114-COMP,3831439
PUUM_007-O-20210106-COMP,53769524
PUUM_010-M-20190109-COMP,8664178
PUUM_010-O-20190109-COMP,7914843
PUUM_010-O-20200106-COMP,4002272
PUUM_010-O-20210104-COMP,563608
PUUM_014-O-20190107-COMP,8560786
PUUM_014-O-20200106-COMP,1085393
PUUM_015-M-20190110-COMP,1889464
PUUM_015-O-20190110-COMP,1321018
PUUM_015-O-20200114-COMP,4384981
PUUM_015-O-20210106-COMP,418088
PUUM_031-M-20190104-COMP,11526227
PUUM_031-O-20200106-COMP,5312834
PUUM_031-O-20210104-COMP,350118
PUUM_032-O-20190109-COMP,9576484
PUUM_034-O-20190104-COMP,7164910
PUUM_034-O-20200106-COMP,3971600
PUUM_034-O-20210104-COMP,48647572
PUUM_036-O-20190104-COMP,4524424
PUUM_036-O-20200113-COMP,4355347
PUUM_036-O-20210104-COMP,61503251
PUUM_040-O-20200113-COMP,2629488
PUUM_040-O-20210104-COMP,409453
RMNP_002-M-20200629-COMP,5012153
RMNP_002-O-20200629-COMP,5782603
RMNP_004-M-20200629-COMP,5639004
RMNP_004-O-20200629-COMP,6589408
RMNP_013-M-20200629-COMP,5955115
RMNP_013-O-20200629-COMP,6574696
RMNP_041-M-20200701-COMP,6595795
RMNP_041-O-20200701-COMP,6045089
RMNP_043-M-20200701-COMP,6067200
RMNP_043-O-20200701-COMP,16447988
RMNP_045-M-20200701-COMP,9031322
RMNP_045-O-20200701-COMP,7995066
SCBI_003-M-20190729-COMP,3372381
SCBI_003-M-20200720-COMP,3429953
SCBI_003-M-20210719-COMP,3203839
SCBI_004-M-20190729-COMP,4414326
SCBI_004-M-20200720-COMP,10594103
SCBI_004-M-20210719-COMP,1498409
SCBI_005-M-20190729-COMP,5401812
SCBI_005-M-20200720-COMP,8944408
SCBI_005-M-20210719-COMP,1817066
SCBI_006-M-20190729-COMP,5733475
SCBI_006-M-20200720-COMP,4887930
SCBI_006-M-20210719-COMP,1985142
SCBI_008-M-20190730-COMP,3737814
SCBI_008-M-20200721-COMP,4320361
SCBI_008-M-20210719-COMP,4438248
SCBI_010-M-20190729-COMP,3602734
SCBI_010-M-20200720-COMP,3748224
SCBI_010-M-20210719-COMP,3653128
SCBI_045-M-20190730-COMP,8327900
SCBI_045-M-20200721-COMP,4212648
SCBI_045-M-20210720-COMP,1678972
SCBI_047-M-20190730-COMP,4024636
SCBI_047-M-20200721-COMP,4929341
SCBI_047-M-20210720-COMP,2278135
SCBI_049-M-20190730-COMP,5819408
SCBI_049-M-20200721-COMP,4332569
SCBI_049-M-20210720-COMP,2214990
SCBI_067-M-20190730-COMP,1774299
SCBI_067-M-20200721-COMP,8378818
SCBI_067-M-20210720-COMP,1796598
SERC_001-M-20210706-COMP,3399845
SERC_002-M-20210707-COMP,2360922
SERC_003-M-20210706-COMP,1592587
SERC_004-M-20210707-COMP,2043733
SERC_005-M-20210706-COMP,2550233
SERC_007-M-20210706-COMP,1928319
SERC_044-M-20210707-COMP,2062230
SERC_045-M-20210707-COMP,1241041
SERC_047-M-20210706-COMP,2045202
SERC_049-M-20210706-COMP,1620756
SJER_001-M-20190313-COMP,1576392
SJER_001-M-20210301-COMP,354204
SJER_002-M-20190312-COMP,1981555
SJER_002-M-20210301-COMP,400738
SJER_003-M-20190311-COMP,2433582
SJER_003-M-20210301-COMP,342752
SJER_004-M-20190312-COMP,6686918
SJER_004-M-20210304-COMP,461577
SJER_005-M-20190312-COMP,2055993
SJER_005-M-20200227-COMP,4347773
SJER_005-M-20210304-COMP,41988083
SJER_025-M-20190313-COMP,706985
SJER_025-M-20200227-COMP,117244612
SJER_025-M-20210304-COMP,72299423
SJER_045-M-20190311-COMP,9642948
SJER_045-M-20200225-COMP,13178956
SJER_045-M-20210310-COMP,432114
SJER_046-M-20190311-COMP,972093
SJER_046-M-20200225-COMP,56805729
SJER_046-M-20210310-COMP,279948
SJER_047-M-20190313-COMP,1670984
SJER_047-M-20200226-COMP,73922749
SJER_047-M-20210311-COMP,397452
SJER_048-M-20190313-COMP,1135043
SJER_048-M-20200224-COMP,136994431
SJER_048-M-20210310-COMP,373421
SRER_001-M-20190806-COMP,6000239
SRER_001-M-20210810-COMP,3833834
SRER_002-M-20190806-COMP,5291140
SRER_002-M-20210809-COMP,3655181
SRER_003-M-20190806-COMP,4409343
SRER_003-M-20210809-COMP,66804122
SRER_004-M-20190806-COMP,4944755
SRER_005-M-20190806-COMP,7075400
SRER_006-M-20190806-COMP,5449422
SRER_043-M-20190806-COMP,3266408
SRER_047-M-20190806-COMP,5127522
SRER_052-M-20190806-COMP,6522789
SRER_053-M-20190806-COMP,3732403
TALL_001-M-20190618-COMP,2421369
TALL_001-M-20200713-COMP,7100547
TALL_001-M-20210603-COMP,2793394
TALL_002-M-20200708-COMP,6876290
TALL_002-M-20210601-COMP,1947334
TALL_003-M-20190617-COMP,6547282
TALL_003-M-20200709-COMP,4032085
TALL_003-M-20210601-COMP,3718734
TALL_004-M-20190618-COMP,5994757
TALL_004-M-20200707-COMP,2447505
TALL_004-M-20210601-COMP,2164560
TALL_006-M-20190617-COMP,6183375
TALL_006-M-20200709-COMP,3493354
TALL_006-M-20210601-COMP,3433080
TALL_007-M-20190618-COMP,4223892
TALL_007-M-20200708-COMP,5321500
TALL_007-M-20210603-COMP,1984969
TALL_044-M-20190617-COMP,4329390
TALL_044-M-20200707-COMP,5133614
TALL_044-M-20210603-COMP,1774760
TALL_047-M-20190617-COMP,6749198
TALL_047-M-20200708-COMP,5415792
TALL_047-M-20210603-COMP,1603642
TALL_051-M-20190617-COMP,2354107
TALL_051-M-20200708-COMP,7120768
TALL_051-M-20210603-COMP,1954874
TALL_054-M-20190617-COMP,4942731
TALL_054-M-20200707-COMP,6282607
TALL_054-M-20210603-COMP,1770608
TEAK_001-M-20210720-COMP,3269323
TEAK_001-O-20210720-COMP,2216450
TEAK_002-M-20210720-COMP,3038653
TEAK_044-M-20210719-COMP,1806191
TEAK_045-M-20210719-COMP,2314155
TEAK_046-M-20210726-COMP,1004474
TOOL_001-O-20190807-COMP,4529566
TOOL_001-O-20210804-COMP,3317505
TOOL_002-O-20190806-COMP,3281411
TOOL_003-O-20190807-COMP,3787270
TOOL_004-O-20190807-COMP,2765591
TOOL_005-O-20190807-COMP,2122578
TOOL_006-O-20190806-COMP,3737875
TOOL_041-O-20190806-COMP,4139545
TOOL_042-O-20190806-COMP,3806489
TOOL_043-O-20190806-COMP,3993722
TOOL_044-O-20190806-COMP,3711707
TREE_001-M-20200708-COMP,8874989
TREE_002-M-20200706-COMP,8780757
TREE_002-O-20200706-COMP,81602
TREE_003-M-20200708-COMP,7631485
TREE_004-O-20200708-COMP,7655376
TREE_006-M-20200708-COMP,8193544
TREE_014-M-20200708-COMP,6726882
TREE_041-M-20200708-COMP,8376516
TREE_046-M-20200706-COMP,8548634
TREE_049-M-20200708-COMP,11903166
TREE_050-M-20200708-COMP,10553187
UNDE_001-M-20190715-COMP,1833940
UNDE_001-M-20200804-COMP,11231754
UNDE_001-O-20190715-COMP,4053039
UNDE_001-O-20210720-COMP,6284695
UNDE_002-O-20190715-COMP,116341
UNDE_002-O-20200804-COMP,10607000
UNDE_002-O-20210720-COMP,3411204
UNDE_003-M-20190715-COMP,3249344
UNDE_003-M-20200806-COMP,7768335
UNDE_003-M-20210722-COMP,3960648
UNDE_003-O-20190715-COMP,6041644
UNDE_003-O-20200806-COMP,10565626
UNDE_003-O-20210722-COMP,5768881
UNDE_006-M-20190715-COMP,3588070
UNDE_006-M-20200806-COMP,3786846
UNDE_006-M-20210723-COMP,3661177
UNDE_008-M-20190715-COMP,1609664
UNDE_008-M-20200806-COMP,3905158
UNDE_008-M-20210723-COMP,4167483
UNDE_010-M-20190715-COMP,2689862
UNDE_010-M-20200806-COMP,7816061
UNDE_010-O-20190715-COMP,1363056
UNDE_010-O-20200806-COMP,7043863
UNDE_010-O-20210722-COMP,3886356
UNDE_037-M-20190717-COMP,4482083
UNDE_037-M-20200804-COMP,3710703
UNDE_037-M-20210721-COMP,3365548
UNDE_037-O-20190717-COMP,3475329
UNDE_037-O-20200804-COMP,6058663
UNDE_037-O-20210721-COMP,4471491
UNDE_038-M-20190717-COMP,1672318
UNDE_038-O-20190717-COMP,2535116
UNDE_038-O-20200804-COMP,5016637
UNDE_038-O-20210721-COMP,3450945
UNDE_043-M-20190717-COMP,4771417
UNDE_043-M-20200804-COMP,6199281
UNDE_043-M-20210721-COMP,4776301
UNDE_044-M-20190717-COMP,3083790
UNDE_044-M-20200806-COMP,3457537
UNDE_044-M-20210721-COMP,3091798
UNDE_044-O-20190717-COMP,2589262
UNDE_044-O-20200806-COMP,5711002
WOOD_001-M-20190716-COMP,5280099
WOOD_001-M-20200803-COMP,4411611
WOOD_002-M-20190717-COMP,4884260
WOOD_002-M-20200803-COMP,6071977
WOOD_002-M-39-33.5-20191022-GEN,3605470
WOOD_003-M-20190717-COMP,4489854
WOOD_003-M-20200803-COMP,4885328
WOOD_004-M-20190716-COMP,6247136
WOOD_004-M-20200803-COMP,4574578
WOOD_005-M-20190715-COMP,5118163
WOOD_005-M-20200805-COMP,4896245
WOOD_024-M-20190715-COMP,4208147
WOOD_024-M-20200810-COMP,5024495
WOOD_024-O-20200810-COMP,8280712
WOOD_042-M-20190716-COMP,6390314
WOOD_042-M-20200805-COMP,4315626
WOOD_043-M-20190716-COMP,5848025
WOOD_043-M-20200805-COMP,5320890
WOOD_044-M-20190716-COMP,7924937
WOOD_044-M-20200803-COMP,5198479
WOOD_044-M-20210712-COMP,3731684
WOOD_045-M-20190717-COMP,7893995
WOOD_045-M-20200805-COMP,6093278
WOOD_045-M-20210712-COMP,4107479
WREF_001-M-20190619-COMP,6963749
WREF_001-M-20200719-COMP,5836455
WREF_001-O-20190619-COMP,12984687
WREF_001-O-20200719-COMP,158248
WREF_001-O-20200722-COMP,6169529
WREF_003-M-20190620-COMP,2512363
WREF_003-M-20200716-COMP,6024594
WREF_003-O-20190620-COMP,9226415
WREF_003-O-20200716-COMP,6920192
WREF_004-M-20190619-COMP,5761449
WREF_004-O-20190619-COMP,4851254
WREF_004-O-20200715-COMP,5557246
WREF_005-M-20190619-COMP,4851598
WREF_005-O-20200719-COMP,10095483
WREF_005-O-20210621-COMP,2967911
WREF_007-M-20190620-COMP,5771562
WREF_007-M-20200722-COMP,3137715
WREF_007-O-20190620-COMP,10393464
WREF_007-O-20200722-COMP,7550672
WREF_007-O-20210624-COMP,2813750
WREF_008-M-20190620-COMP,3991124
WREF_008-M-20200716-COMP,7847741
WREF_008-O-20190620-COMP,8913645
WREF_008-O-20200716-COMP,5122764
WREF_008-O-20210621-COMP,2899526
WREF_070-M-20190618-COMP,5105665
WREF_070-M-20200713-COMP,5457202
WREF_070-O-20190618-COMP,5476963
WREF_070-O-20200713-COMP,5162504
WREF_070-O-20210621-COMP,4298385
WREF_071-O-20190617-COMP,6949676
WREF_072-M-20190618-COMP,9099790
WREF_072-M-20200715-COMP,5317298
WREF_072-O-20190618-COMP,14599088
WREF_072-O-20200715-COMP,4887277
WREF_072-O-20210621-COMP,2720690
WREF_073-M-20190618-COMP,8176254
WREF_073-M-20200714-COMP,5999023
WREF_073-O-20190618-COMP,7708617
WREF_073-O-20200714-COMP,4881105
YELL_001-M-20190821-COMP,6443040
YELL_002-M-20190819-COMP,5229089
YELL_002-M-20200710-COMP,4974160
YELL_003-M-20190821-COMP,4940791
YELL_003-M-20200708-COMP,7499748
YELL_005-M-20200710-COMP,6872158
YELL_009-M-20190822-COMP,5904510
YELL_009-M-20200708-COMP,8316248
YELL_012-M-20190822-COMP,6507982
YELL_012-M-20200708-COMP,9716127
YELL_016-M-20190819-COMP,6844288
YELL_016-M-20200710-COMP,9505639
YELL_046-M-20190820-COMP,8512748
YELL_046-M-20200709-COMP,8223328
YELL_046-M-4.5-0.5-20191002-GEN,3424857
YELL_048-M-20190820-COMP,8543222
YELL_048-M-20200709-COMP,8254582
YELL_051-M-20190820-COMP,6603125
YELL_051-M-20200709-COMP,5566020
YELL_052-M-20190820-COMP,6106163
YELL_052-M-20200709-COMP,7643923
YELL_052-O-20190820-COMP,153388632
LB_190908_F,145968778
PO_190911_F,119232642
PB_190912_S,133007897
BO_190909_B,113167962
BC_190909_F,22781990
PB_190912_F,204169845
VC_190908_S,13444676
SC_190909_S,46511930
BO_190909_S,113469730
OS_220830_F,110408319
AU_200310_F,5791822
AU_200310_S,10039435
BM_200304_F,2899952
BM_200304_S,4745763
CP_200307_F,1384452
CQ_200302_F,6175668
CR_200310_F,4972401
CT_200308_F,3795046
EM_200307_F,11417587
EM_200307_S,3583485
GS_200305_F,14611489
PM_200308_F,8194312
PM_200308_S,770864
SP_200306_F,6412940
SP_200306_S,5643473
TF_200303_F,7866965
TF_200303_S,2855575
TP_200304_F,3640060
AV_220320_F,128137431
CA_220323_F,127340918
CC_220324_F,150006981
CE_220402_F,109009175
CH_220319_F,139910401
CN_220327_F,109081807
CP_220402_F,111957567
CR_220324_F,120226484
CU_220402_F,135396596
CZ_220329_F,144232668
EQ_220330_F,122547403
ET_220322_F,139150299
GB_220322_F,133475462
IS_220328_F,156141265
JR_220403_F,155651227
LA_220331_F,162143710
LC_220316_F,117761539
LN_220321_F,144780336
LP_220401_F,142830925
LR_220331_F,134161729
LV_220331_F,133672385
OA_220325_F,157905928
PJ_220330_F,130209631
PQ_220401_F,101316916
PR_220403_F,111693067
QN_220317_F,177298274
RS_220319_F,136484729
SR_220328_F,115628214
TL_220327_F,112138963
TM_220326_F,125605865
TT_220331_F,120276904
VA_220325_F,131269359
CN523_SF1D13_230609_B,76923971
CN523_SF1D13_230728_B,53410715
CN523_SF1D13_230728_F,68706503
CN523_SF2A_230609_B,90506010
CN523_SF2B_230609_B,83742354
CN523_SF2C_230609_B,69782873
BC_180410,23630255
BS_180407_F,36218165
BW_180407_F,74677605
CH_180410_F,21486183
CH_180410_S,20266736
CI_180408_F,31388659
CI_180408_S,20674144
CL_180409_F,60904185
CV_180410_F,63134259
CV_180410_S,20007426
CW_180415_F,27775674
CW_180415_S,21311784
CZ_180409_F,65683705
DS_F,43734455
ER_180415_F,27240347
ER_180415_S,22304820
GE_180403_S,40518994
HA_180403_F,24802307
LB_180410_F,26939649
LB_180410_S,20792076
LE_180416_F,47451057
LE_180416_S,21206811
LH_180406_F,37183410
LH_180406_S,43850502
LP_180406_F,29709257
LW_180405_F,29077737
LW_180405_S,23932532
MC_180404_F,55063956
MC_180404_S,26005629
PS_180405_S,22267323
PX_180416_S,45366495
RC_180404_F,47910182
RC_180404_S,29632174
RR_180407_F,29362347
SC_180411_F,30554659
SC_180411_S,30785924
XF_180416_F,50719995
XF_180416_S,21729047
YR_180404_F,51849381
AC_190614_F,56932
AC_190614_S,7634786
BQ_190717_F,6745543
BR1_190716_F,303
BR1_190716_S,8127196
BR2_190717,7104252
BR2_190717_F,593
EP_190616_F,659
EP_190616_S,14383999
ET_190718_S,4733593
GU_190718_F,9146778
GU_190718_S,4064800
HC_220127_F,3364166
LP_190617_F,9576381
LR_190628_S,11554372
LW_190703_F,439
RCA_190612_F,5921027
RCB_190612_F,4502185
RCD_190801_F,3325976
RCE_190801_F,1195603
RCF_190801_F,820964
RV_190611_F,1614758
SA_190716_F,234727
SG_190719_F,9025468
SG_190719_S,9712123
SL_190717_S,6821740
VB_190611_F,810176
ENI22_P21_220307_F_A,11271142
ENI22_P21_220715_F_A,26432708
ENI22_P21_220715_F_B,20005372
ENI22_P21_220715_F_C,17228742
ENI22_P21_220715_F_D,3619078
ENI22_P28_220307_F_A,14767731
ENI22_P28_220714_F,3297169
ENI22_P28_220715_F_A,21901505
ENI22_P28_220715_F_B,17350494
ENI22_P28_220715_F_C,21504139
ENI22_P28_220715_F_D,21842470
ENI22_P28_220715_F_E,20701686
ENI22_P29_220714_F_A,20913025
ENI22_P29_220714_F_B,20932647
ENI22_P29_220714_F_C,20985372
ENI22_P29_220714_F_D,396286
ENI22_P31_220714_F_A,21246187
ENI22_P31_220714_F_B,155426
ENI22_P31_220714_F_C,20755358
ENI22_VA_220307_F_A,14330195
ENI22_VA_220714_F_A,24313766
ENI22_VA_220714_F_B,26936962
ENI22_VA_220714_F_C,23933697
ENI22_VA_220714_F_D,21545351
BA_211229_F,10800704
BA_211229_S,12872796
CA_211015_F,9306234
CF_210924_F,12645169
CG_211015_F,12189566
CG_211015_S,11981322
LS_211029_S,16060605
ML_210924_F,8509620
PI_210924_F,7883296
PI_210924_S,12494493
SI1_210715_F,8582041
SI1_210715_S,12062595
SI2_210715_F,7995331
SI2_210715_S,13802096
SN_211029_F,13341492
SP_210924_F,9746511
SP_210924_S,13645694
VR_211015_S,14930335
GN2_210601_F,7372270
GN2_210601_S,102
HV2_210602_F,2531235
HV2_210602_S,10295597
KR2_210530_F,14209275
KR2_210530_S,7500926
ENI22_P21_230201_0_F,81790496
ENI22_P21_230315_H1A_F,48736260
ENI22_P21_230315_H1B_F,2327333
ENI22_P21_230315_H1C_F,3615153
ENI22_P21_230315_N1A_F,184752
ENI22_P21_230315_N1B_F,121735547
ENI22_P21_230315_N1C_F,2898122
ENI22_P21_230315_TE1A_F,2921650
ENI22_P21_230315_TE1B_F,2395853
ENI22_P21_230315_TE1C_F,20818655
ENI22_P21_230426_H2A_F,124717920
ENI22_P21_230426_H2B_F,86576784
ENI22_P21_230426_H2C_F,16831699
ENI22_P21_230426_N2A_F,16811559
ENI22_P21_230426_N2B_F,210199015
ENI22_P21_230426_N2C_F,47895147
ENI22_P21_230426_TE2A_F,5908220
ENI22_P21_230426_TE2B_F,2859146
ENI22_P21_230426_TE2C_F,155645706
BY1_220225_A05,83273685
BY1_220225_A1020,76248896
BY1_220225_A510,69899167
BY1_220225_B05,83753120
BY1_220225_B102,79066900
BY1_220225_B510,84294822
BY1_220225_C05,73838639
BY1_220225_C1020,100684424
BY1_220225_C510,78779795
BY1_220614_05,87459586
BY1_220614_1015,70664740
BY1_220614_2030,66688991
BY1_220930_05,70763202
BY1_220930_1015,94594505
BY1_220930_2025,79313944
BY1_220930_3035,84949576
BY2_220227_A05,88264964
BY2_220227_A1020,66034781
BY2_220227_A2030,3155
BY2_220227_A510,81745968
BY2_220227_B05,578
BY2_220227_B1020,98100792
BY2_220227_B510,35842478
BY2_220227_C05,90571886
BY2_220227_C1020,16467
BY2_220227_C510,72561776
BY2_220614_05,80484619
BY2_220614_1015,66685591
BY2_220930_05,77850697
BY2_220930_1015,99672118
BY2_220930_2026,86363309
BY3_220227_A1020,25060607
BY3_220614_05,59060513
BY3_220930_05,46450895
BY3_220930_1015,82157025
BY3_220930_20,35322497
BY3A_220614_05,78217781
BY3A_220614_1015,84103585
BY3A_220614_20,76325925
BY3A_220930_05,85431341
BY3A_220930_1015,88152854
BY3A_220930_2023,39741631
BY4_220228_A05,74705976
BY4_220228_A1020,61348386
BY4_220228_A510,80993119
BY4_220228_B05,74281751
BY4_220228_B1020,68808793
BY4_220228_B510,89577038
BY4_220228_C05,90660812
BY4_220228_C1020,62645891
BY4_220228_C510,77369647
BY4_220619_05,80492760
BY4_220619_1015,72061372
BY4_220619_2025,81447144
BY4_221003_05,83629262
BY4_221003_1015,96961382
BY4_221003_2027,94881718
BY5_220228_A05,55965775
BY5_220228_A2030,53486546
BY5_220619_05,67688091
BY5_220619_1015,92069374
BY5_221003_05,42173632
BY5_221003_1015,89779916
BY5_221003_2025,59039963
BY5_221003_3031,62511815
CCT_220930_05,76158740
CCT_220930_1015,76729939
CCT_220930_2025,79458444
CCT_220930_3033,69243065
CTT_220618_05,75695675
CTT_220618_1015,67287144
CTT_220618_2025,64562570
CTT_220618_3035,82074314
ML1_22031_A05,73947702
ML1_22031_A2030,722373
ML1_22031_B05,62149938
ML1_22031_B1020,71753155
ML1_22031_C05,91646731
ML1_220615_05,103904806
ML1_220615_1015,54275488
ML1_220615_2030,82348468
ML1_220615_3040,82665188
ML1_221002_05,84259234
ML1_221002_1015,75248248
ML1_221002_2025,83400173
ML1_221002_3035,72205728
ML1_221002_40,69691574
SRR6439367,16095717
SRR6244844,5069965
SRR6439354,8921465
SRR7905023,161687517
SRR5248302,27268338
SRR5248875,143912570
SRR5682125,44841478
SRR5273315,122652523
SRR8863384,180631296
SRR5273245,48187130
SRR8863378,181448489
SRR1297186,162414294
SRR6439372,45086579
SRR5650826,51814104
SRR5248300,30158333
SRR6439356,17272726
SRR5248301,30018119
SRR5189952,146259588
SRR7905022,82692172
SRR5682896,48109882
SRR5451032,61730936
SRR5248365,40336867
SRR6344961,23086500
SRR6439359,49044966
SRR5681517,48460934
SRR5273316,152169017
SRR5273290,50401329
SRR5247127,125624103
SRR6439360,44064347
SRR5273271,47144174
SRR6049666,178021760
SRR6344962,22386755
SRR6439362,18035095
SRR6439355,18987889
SRR6244845,4419103
SRR6439358,46229234
SRR1297204,96856913
SRR6056610,110405798
SRR7905025,32997362
SRR6439370,57246649
SRR5451033,92953052
SRR5248299,20827736
SRR6439363,9339474
SRR6439365,17513506
SRR5451031,10257960
SRR8554436,162623715
SRR6439368,55031709
SRR6439361,50323944
SRR5682141,73997262
SRR6439364,18157311
SRR5273272,36372131
SRR4453772,86341972
SRR7905024,103825705
SRR6439369,46630299
SRR5650782,4501194
SRR6439366,17360073
SRR8581213,19556714
SRR6207163,127753205
SRR5682979,49433682
SRR5682117,32869924
SRR6056608,131489292
SRR5682124,26485113
SRR6439371,54751018
