OGA_ID,sample_ID,depth,size fraction,latitude,longitude,project,sample_accession,run,filter_size (µm),date,Ocean,elevation,temp,ExpID,source,sample_subgroup,sample_group,surface_subsurface,doi,sal,tds,o2_dis
1,MP0103,ABY,[0.2-0.8µm],21.51,-23.45,PRJNA330076,SAMN05422183,SRR3968777,0.2,23/12/2010,Atlantic,-4005,2.0182,malaspina,malaspina,marine_benthic,marine_water,surface,10.1002/lob.10008,3.48951,34895.1,0.23432965749999995
4,MP0145,ABY,[0.2-0.8µm],14.52,-26.0,PRJNA330017,SAMN05422128,SRR3968061,0.2,26/12/2010,Atlantic,-4002,2.0429,malaspina,malaspina,marine_benthic,marine_water,surface,10.1002/lob.10008,3.4894799999999995,34894.799999999996,0.22236391
6,MP0204,ABY,[0.2-0.8µm],7.33,-26.0,PRJNA330139,SAMN05422107,SRR3968062,0.2,29/12/2010,Atlantic,-4003,2.0165,malaspina,malaspina,marine_benthic,marine_water,surface,10.1002/lob.10008,3.4890099999999995,34890.1,0.23703483749999998
8,MP0262,ABY,[0.2-0.8µm],-3.03,-27.33,PRJNA330005,SAMN05422143,SRR3967700,0.2,01/02/2011,Atlantic,-4002,1.7369,malaspina,malaspina,marine_benthic,marine_water,surface,10.1002/lob.10008,3.4867600000000003,34867.600000000006,0.24191311999999995
10,MP0327,ABY,[0.2-0.8µm],-9.12,-30.19,PRJNA330161,SAMN05422226,SRR3967690,0.2,01/05/2011,Atlantic,-4001,1.5802,malaspina,malaspina,marine_benthic,marine_water,surface,10.1002/lob.10008,3.4844700000000004,34844.700000000004,0.2333048625
12,MP0372,ABY,[0.2-0.8µm],-15.83,-33.41,PRJNA330007,SAMN05422138,SRR3967319,0.2,01/08/2011,Atlantic,-4003,1.4542,malaspina,malaspina,marine_benthic,marine_water,surface,10.1002/lob.10008,3.4826900000000003,34826.9,0.22859324499999997
14,MP0441,BAT,[0.2-0.8µm],-22.97,-36.95,PRJNA330097,SAMN05421901,SRR3966130,0.2,01/11/2011,Atlantic,-3907,0.5836,malaspina,malaspina,marine_benthic,marine_water,surface,10.1002/lob.10008,3.47347,34734.7,0.214103845
16,MP0556,BAT,[0.2-0.8µm],-26.91,-21.43,PRJNA330027,SAMN05422117,SRR3965592,0.2,24/01/2011,Atlantic,-3199,2.2513,malaspina,malaspina,marine_benthic,marine_water,surface,10.1002/lob.10008,3.49003,34900.3,0.2365454
18,MP0627,BAT,[0.2-0.8µm],-28.62,-11.8,PRJNA330150,SAMN05422194,SRR3965874,0.2,27/01/2011,Atlantic,-3662,2.0761,malaspina,malaspina,marine_benthic,marine_water,surface,10.1002/lob.10008,3.48613,34861.3,0.22617188749999997
20,MP0740,ABY,[0.2-0.8µm],-31.81,6.84,PRJNA330094,SAMN05422111,SRR3965758,0.2,02/02/2011,Atlantic,-4001,1.4922,malaspina,malaspina,marine_benthic,marine_water,surface,10.1002/lob.10008,3.4804699999999995,34804.7,0.210942745
22,MP0759,BAT,[0.2-0.8µm],-32.8128,12.7692,PRJNA330079,SAMN05422166,SRR3965873,0.2,02/04/2011,Atlantic,-3900,0.9196,malaspina,malaspina,marine_benthic,marine_water,surface,10.1002/lob.10008,3.4750300000000003,34750.3,0.2042785025
24,MP0901,ABY,[0.2-0.8µm],-33.55,39.89,PRJNA330006,SAMN05421563,SRR3965586,0.2,18/02/2011,Indian,-4002,0.851,malaspina,malaspina,marine_benthic,marine_water,surface,10.1002/lob.10008,3.4740200000000003,34740.200000000004,0.20417210749999998
26,MP0960,BAT,[0.2-0.8µm],-27.9783,63.2478,PRJNA330128,SAMN05422122,SRR3963982,0.2,25/02/2011,Indian,-3500,1.3208,malaspina,malaspina,marine_benthic,marine_water,surface,10.1002/lob.10008,3.47241,34724.1,0.16905407
28,MP1092,ABY,[0.2-0.8µm],-29.81,82.62,PRJNA330020,SAMN05421707,SRR3963622,0.2,03/03/2011,Indian,-4000,1.0745,malaspina,malaspina,marine_benthic,marine_water,surface,10.1002/lob.10008,3.47244,34724.4,0.1804708275
30,MP1141,BAT,[0.2-0.8µm],-29.6525,92.9852,PRJNA329989,SAMN05421561,SRR3963804,0.2,03/06/2011,Indian,-2400,1.8199,malaspina,malaspina,marine_benthic,marine_water,surface,10.1002/lob.10008,3.47266,34726.6,0.16291862499999998
32,MP1202,ABY,[0.2-0.8µm],-30.3327,103.308,PRJNA330001,SAMN05422148,SRR3963457,0.2,03/09/2011,Indian,-4001,0.8069,malaspina,malaspina,marine_benthic,marine_water,surface,10.1002/lob.10008,3.47178,34717.799999999996,0.19073220499999996
34,MP1374,BAT,[0.2-0.8µm],-39.23,135.19,PRJNA330113,SAMN05422152,SRR3963458,0.2,23/03/2011,Indian,-3996,0.9479,malaspina,malaspina,marine_benthic,marine_water,surface,10.1002/lob.10008,3.4722,34722.0,0.18519761499999998
37,MP1483,BAT,[0.2-0.8µm],-28.4063,179.141,PRJNA329986,SAMN05422171,SRR3963449,0.2,18/04/2011,Pacific,-3501,1.5728,malaspina,malaspina,marine_benthic,marine_water,surface,10.1002/lob.10008,3.4681800000000003,34681.8,0.14387535499999998
39,MP1494,BAT,[0.2-0.8µm],-25.49,-179.52,PRJNA330145,SAMN05421703,SRR3962680,0.2,19/04/2011,Pacific,-2150,2.0126,malaspina,malaspina,marine_benthic,marine_water,surface,10.1002/lob.10008,3.46456,34645.6,0.1425899025
41,MP1649,ABY,[0.2-0.8µm],-5.75,-170.741,PRJNA330018,SAMN05421706,SRR3962773,0.2,28/04/2011,Pacific,-4018,1.1026,malaspina,malaspina,marine_benthic,marine_water,surface,10.1002/lob.10008,3.4695500000000004,34695.5,0.1570237475
43,MP1788,BAT,[0.2-0.8µm],9.22,-163.53,PRJNA330126,SAMN05421699,SRR3962293,0.2,05/04/2011,Pacific,-3818,1.1537,malaspina,malaspina,marine_benthic,marine_water,surface,10.1002/lob.10008,3.4692,34692.0,0.145969635
45,MP2016,ABY,[0.2-0.8µm],18.04,-133.26,PRJNA330009,SAMN05422136,SRR3961935,0.2,22/05/2011,Pacific,-4004,1.1582,malaspina,malaspina,marine_benthic,marine_water,surface,10.1002/lob.10008,3.46897,34689.700000000004,0.1384337325
47,MP2053,ABY,[0.2-0.8µm],15.9087,-124.474,PRJNA330152,SAMN05422192,SRR3961906,0.2,25/05/2011,Pacific,-4002,1.1733,malaspina,malaspina,marine_benthic,marine_water,surface,10.1002/lob.10008,3.46897,34689.700000000004,0.13727292
49,MP2159,BAT,[0.2-0.8µm],12.0,-108.06,PRJNA330085,SAMN05422163,SRR3961047,0.2,31/05/2011,Pacific,-3103,1.4552,malaspina,malaspina,marine_benthic,marine_water,surface,10.1002/lob.10008,3.4680500000000003,34680.5,0.1158550325
51,MP2253,BAT,[0.2-0.8µm],10.0927,-99.2462,PRJNA329991,SAMN05422160,SRR3960579,0.2,06/03/2011,Pacific,-3008,1.6156,malaspina,malaspina,marine_benthic,marine_water,surface,10.1002/lob.10008,3.46755,34675.5,0.10640114999999999
54,MP2634,ABY,[0.2-0.8µm],19.9897,-52.6367,PRJNA329999,SAMN05422149,SRR3960575,0.2,28/06/2011,Atlantic,-4003,1.9211,malaspina,malaspina,marine_benthic,marine_water,surface,10.1002/lob.10008,3.48889,34888.9,0.23666101999999997
56,MP2914,ABY,[0.2-0.8µm],29.97,-23.69,PRJNA330129,SAMN05422121,SRR3960578,0.2,07/08/2011,Atlantic,-4003,2.1123,malaspina,malaspina,marine_benthic,marine_water,surface,10.1002/lob.10008,3.49071,34907.1,0.2291154825
58,MP2969,ABY,[0.2-0.8µm],32.0788,-17.2662,PRJNA330149,SAMN05422195,SRR3960577,0.2,07/10/2011,Atlantic,-4002,2.0997,malaspina,malaspina,marine_benthic,marine_water,surface,10.1002/lob.10008,3.49058,34905.8,0.2271087375
