run,date,latitude,longitude,elevation,temp,ph,spc,orp,do_sat,sal,alk_tot,sio2,sulfide,fe2,cl,br,no3,so4,po4,li,na,nh4,k,mg,ca,v,mn,fe,co,ni,cu,zn,se,mo,w,DIC,sample_accession,project,country,depth_m,scientific_name,env_biome,env_feature,env_material,sample_group,doi,source,sample_subgroup,surface_subsurface,ExpID
ERR14789945,2023-11-13,-11.5843,34.3481,468.0,28.38,8.89,0.2533,,,,,,,,,,,,,,,,,,,,,,,,,,,,,,ERS23657643,PRJEB86001,Malawi,5.0,lake water metagenome,freshwater biome,rift lake,lake water,freshwater,10.1038/s41564-025-02091-8,public_archives,freshwater_surface,surface,public_archives
ERR14789927,2022-09-22,35.2276,136.0249,86.0,8.46,7.14,0.1172,,,,,,,,,,,,,,,,,,,,,,,,,,,,,,ERS23657624,PRJEB86003,Japan,50.0,lake water metagenome,freshwater biome,natural lake,lake water,freshwater,10.1038/s41564-025-02091-8,public_archives,freshwater_surface,surface,public_archives
ERR14789929,2022-09-25,37.4747,140.0988,514.0,4.49,6.45,0.122,,,,,,,,,,,,,,,,,,,,,,,,,,,,,,ERS23657626,PRJEB86003,Japan,80.0,lake water metagenome,freshwater biome,tectonic lake,lake water,freshwater,10.1038/s41564-025-02091-8,public_archives,freshwater_surface,surface,public_archives
ERR5863126,2017-11-25,31.2333,130.5667,,,,,,,,,,,,,,,,,,,,,,,,,,,,,,,,,,ERS6344566,PRJEB35640,Japan,200.0,lake water metagenome,freshwater biome,lake,lake water,freshwater,10.1093/ismeco/ycae124,public_archives,freshwater_surface,surface,public_archives
ERR14789957,2023-04-21,-27.3939,152.6078,79.0,23.87,7.98,0.3534,,,,,,,,,,,,,,,,,,,,,,,,,,,,,,ERS23657656,PRJEB86002,Australia,2.0,lake water metagenome,freshwater biome,reservoir,lake water,freshwater,10.1038/s41564-025-02091-8,public_archives,freshwater_surface,surface,public_archives
ERR14789959,2023-04-27,-24.8734,151.847,76.0,22.53,7.18,0.1951,,,,,,,,,,,,,,,,,,,,,,,,,,,,,,ERS23657658,PRJEB86002,Australia,5.0,lake water metagenome,freshwater biome,reservoir,lake water,freshwater,10.1038/s41564-025-02091-8,public_archives,freshwater_surface,surface,public_archives
SRR7985596,2015-07-16,-5.7366,29.9194,,,,,,,,,,,,,,,,,,,,,,,,,,,,,,,,,,SAMN08779359,PRJNA443007,Tanzania: Lake Tanganyika,,lake water metagenome,,,,freshwater,10.1038/s41396-021-00898-x,public_archives,freshwater_surface,surface,public_archives
SRR26175659,2016-11,5.579,10.5841,,,,,,,,,,,,,,,,,,,,,,,,,,,,,,,,,,SAMN37487840,PRJNA1019489,Cameroon: lake Monoun,70.0,lake water metagenome,freshwater lake biome [ENVO:01000252],meromictic lake [ENVO:00000199],lake water [ENVO:04000007],freshwater,10.4236/oje.2020.109039,public_archives,freshwater_surface,surface,public_archives
SRR28327192,2019-04-24,37.9518,127.8156,,,,,,,,,,,,,,,,,,,,,,,,,,,,,,,,,,SAMN40423193,PRJNA1087105,South Korea,,lake water metagenome,,,,freshwater,10.1038/s41597-025-05569-6,public_archives,freshwater_surface,surface,public_archives
SRR34141452,2023-10-30,27.35,88.18,,,,,,,,,,,,,,,,,,,,,,,,,,,,,,,,,,SAMN49560646,PRJNA1281409,India: Sikkim,,lake water metagenome,,,,freshwater,10.1186/s12866-025-04450-1,public_archives,freshwater_surface,surface,public_archives
SRR24908263,2018,28.62,90.43,,,,,,,,,,,,,,,,,,,,,,,,,,,,,,,,,,SAMN35688677,PRJNA982183,China: Tibet,,lake water metagenome,,,,freshwater,10.1186/s40168-024-01979-7,public_archives,freshwater_surface,surface,public_archives
ERR1877793,2014/2015,-19.8833,29.45,,,,,,,,,,,,,,,,,,,,,,,,,,,,,,,,,,SAMEA103892552,PRJEB18701,Zimbabwe,0.0,soil metagenome,savanna,,soil,soil,10.1038/s41586-018-0386-6,public_archives,terrestrial_soil,surface,public_archives
ERR1877791,2014/2015,-24.952,47.002,,,,,,,,,,,,,,,,,,,,,,,,,,,,,,,,,,SAMEA103892509,PRJEB18701,Madagascar,0.0,soil metagenome,dry tropical forest,,soil,soil,10.1038/s41586-018-0386-6,public_archives,terrestrial_soil,surface,public_archives
ERR1877714,2014/2015,30.3218,119.4427,,,,,,,,,,,,,,,,,,,,,,,,,,,,,,,,,,SAMEA103892512,PRJEB18701,China,0.0,soil metagenome,temperate coniferous forest,,soil,soil,10.1038/s41586-018-0386-6,public_archives,terrestrial_soil,surface,public_archives
ERR1877931,2014/2015,39.9555,115.4258,,,,,,,,,,,,,,,,,,,,,,,,,,,,,,,,,,SAMEA103892518,PRJEB18701,China,0.0,soil metagenome,temperate deciduous forest,,soil,soil,10.1038/s41586-018-0386-6,public_archives,terrestrial_soil,surface,public_archives
ERR1877891,2014/2015,42.0602,128.2609,,,,,,,,,,,,,,,,,,,,,,,,,,,,,,,,,,SAMEA103892513,PRJEB18701,China,0.0,soil metagenome,boreal forest,,soil,soil,10.1038/s41586-018-0386-6,public_archives,terrestrial_soil,surface,public_archives
ERR1877675,2014/2015,30.5737,77.2965,,,,,,,,,,,,,,,,,,,,,,,,,,,,,,,,,,SAMEA103892564,PRJEB18701,India,0.0,soil metagenome,dry tropical forest,,soil,soil,10.1038/s41586-018-0386-6,public_archives,terrestrial_soil,surface,public_archives
ERR1877836,2014/2015,13.5224,75.018,,,,,,,,,,,,,,,,,,,,,,,,,,,,,,,,,,SAMEA103892498,PRJEB18701,India,0.0,soil metagenome,,,soil,soil,10.1038/s41586-018-0386-6,public_archives,terrestrial_soil,surface,public_archives
ERR1877695,2014/2015,5.4059,116.1027,,,,,,,,,,,,,,,,,,,,,,,,,,,,,,,,,,SAMEA103892557,PRJEB18701,Malaysia,0.0,soil metagenome,moist tropical forest,,soil,soil,10.1038/s41586-018-0386-6,public_archives,terrestrial_soil,surface,public_archives
ERR1877728,2014/2015,3.7103,101.715,,,,,,,,,,,,,,,,,,,,,,,,,,,,,,,,,,SAMEA103892477,PRJEB18701,Malaysia,0.0,soil metagenome,moist tropical forest,,soil,soil,10.1038/s41586-018-0386-6,public_archives,terrestrial_soil,surface,public_archives
ERR1877814,2014/2015,18.5289,98.3916,,,,,,,,,,,,,,,,,,,,,,,,,,,,,,,,,,SAMEA103892556,PRJEB18701,Thailand,0.0,soil metagenome,moist tropical forest,,soil,soil,10.1038/s41586-018-0386-6,public_archives,terrestrial_soil,surface,public_archives
ERR1877914,2014/2015,43.2885,142.6043,,,,,,,,,,,,,,,,,,,,,,,,,,,,,,,,,,SAMEA103892592,PRJEB18701,Japan,0.0,soil metagenome,boreal forest,,soil,soil,10.1038/s41586-018-0386-6,public_archives,terrestrial_soil,surface,public_archives
ERR1877651,2014/2015,6.425,80.4176,,,,,,,,,,,,,,,,,,,,,,,,,,,,,,,,,,SAMEA103892619,PRJEB18701,Sri Lanka,0.0,soil metagenome,moist tropical forest,,soil,soil,10.1038/s41586-018-0386-6,public_archives,terrestrial_soil,surface,public_archives
SRR5234506,2015-10,-26.8,29.46,,,,,,,,,,,,,,,,,,,,,,,,,,,,,,,,,,SAMN06309432,PRJNA371523,South Africa,20.0,soil metagenome,Acacia-invaded ecosystem,rhizospheric soil,soil,soil,10.1007/s00248-018-1214-0,public_archives,terrestrial_soil,surface,public_archives
SRR5234509,2015-10,-29.22,30.1,,,,,,,,,,,,,,,,,,,,,,,,,,,,,,,,,,SAMN06309429,PRJNA371523,South Africa,20.0,soil metagenome,Acacia-invaded ecosystem,bulk soil,soil,soil,10.1007/s00248-018-1214-0,public_archives,terrestrial_soil,surface,public_archives
SRR10028484,2012-10,-1.8597,103.3006,,,,,,,,,,,,,,,,,,,,,,,,,,,,,,,,,,SAMN12640585,PRJNA562410,Indonesia: Jambi,0.0,soil metagenome,,,,soil,10.1186/s40793-020-0353-3,public_archives,terrestrial_soil,surface,public_archives
ERR15362291,2021,24.5639,118.0327,,,,,,,,,,,,,,,,,,,,,,,,,,,,,,,,,,SAMEA118769651,PRJEB91364,China,0.0,soil metagenome,dense settlement,urban,soil,soil,10.1002/jev2.12292,public_archives,terrestrial_soil,surface,public_archives
SRR5916339,2013-10-16,-30.1919,120.6425,,,,,,,,,,,,,,,,,,,,,,,,,,,,,,,,,,SAMN04874602,PRJNA317932,Australia,0.0,soil metagenome,,,,soil,10.1186/s13742-016-0126-5,public_archives,terrestrial_soil,surface,public_archives
SRR12418378,2019-01-29,-23.9778,133.7125,,,,,,,,,,,,,,,,,,,,,,,,,,,,,,,,,,SAMN15772028,PRJNA656125,Australia,15.0,soil metagenome,Dryland [ENVO:01001838],,soil [ENVO:00001998],soil,10.1038/s41564-020-00811-w,public_archives,terrestrial_soil,surface,public_archives
ERR1877712,2014/2015,33.39624,-5.19417,,,,,,,,,,,,,,,,,,,,,,,,,,,,,,,,,,SAMEA103892585,PRJEB18701,Morocco,,,,,,soil,10.1038/s41586-018-0386-6,public_archives,terrestrial_soil,surface,public_archives
SRR18218239,2016-04,30.82,32.38,,,,,,,,,,,,,,,,,,,,,,,,,,,,,,,,,,SAMN26293021,PRJNA810925,Egypt,,,,,desert,soil,10.1186/s40793-023-00463-3,public_archives,terrestrial_soil,surface,public_archives
SRR32467810,2020-07-01,54.53,82.59,,,,,,,,,,,,,,,,,,,,,,,,,,,,,,,,,,SAMN46927921,PRJNA1226397,Russia,,,,,black soil,soil,10.3390/microorganisms13040854,public_archives,terrestrial_soil,surface,public_archives
SRR34018561,2015,-3.3129,-54.9097,,,,,,,,,,,,,,,,,,,,,,,,,,,,,,,,,,SAMN41657026,PRJNA1112097,Amazon,,,,,Pasture,soil,10.1128/spectrum.01561-24,public_archives,terrestrial_soil,surface,public_archives
ERR14789962,2023-05-03,-25.4576,153.1296,67.0,22.95,6.14,0.1836,,,,,,,,,,,,,,,,,,,,,,,,,,,,,,ERS23657663,PRJEB86002,Australia,2.0,lake water metagenome,freshwater biome,aeolian lake,lake water,freshwater,10.1038/s41564-025-02091-8,public_archives,freshwater_surface,surface,public_archives
SRR28154547,2017-11-14,-12.771,45.2887,,,,,,,,,,,,,,,,,,,,,,,,,,,,,,,,,,SAMN40029281,PRJNA1037317,Mayotte,,lake water metagenome,,,,freshwater,10.1186/s40168-024-01956-0,public_archives,freshwater_surface,surface,public_archives
SRR29270166,2022-07-12,-0.7586,36.425,,,,,,,,,,,,,,,,,,,,,,,,,,,,,,,,,,SAMN41659717,PRJNA1119566,Kenya,0.0,freshwater metagenome,crater lake [ENVO:01001062],Lake [ENVO:00000020],water [ENVO:00002006],freshwater,10.1128/aem.01507-24,public_archives,freshwater_surface,surface,public_archives
SRR9924777,2017-07,34.22,92.44,,,,,,,,,,,,,,,,,,,,,,,,,,,,,,,,,,SAMN12530072,PRJNA559231,China,,freshwater metagenome,,,,freshwater,10.1038/s41396-020-0701-8,public_archives,freshwater_surface,surface,public_archives
SRR9924779,2017-07,33.01,97.24,,,,,,,,,,,,,,,,,,,,,,,,,,,,,,,,,,SAMN12530074,PRJNA559231,China,,freshwater metagenome,,,,freshwater,10.1038/s41396-020-0701-8,public_archives,freshwater_surface,surface,public_archives
SRR31704008,2016-06-17,30.7,90.55,,,,,,,,,,,,,,,,,,,,,,,,,,,,,,,,,,SAMN45813904,PRJNA1197720,China: Tibet,,lake water metagenome,,,,freshwater,10.1093/ismeco/ycaf129,public_archives,freshwater_surface,surface,public_archives
SRR24908192,2018,30.7,96.68,,,,,,,,,,,,,,,,,,,,,,,,,,,,,,,,,,SAMN35688709,PRJNA982183,China: Tibet,,lake water metagenome,,,,freshwater,10.1186/s40168-024-01979-7,public_archives,freshwater_surface,surface,public_archives
SRR24908171,2019,34.63,80.27,,,,,,,,,,,,,,,,,,,,,,,,,,,,,,,,,,SAMN35688728,PRJNA982183,China: Tibet,,lake water metagenome,,,,freshwater,10.1186/s40168-024-01979-7,public_archives,freshwater_surface,surface,public_archives
SRR24908198,2018,29.52,98.87,,,,,,,,,,,,,,,,,,,,,,,,,,,,,,,,,,SAMN35688703,PRJNA982183,China: Tibet,,lake water metagenome,,,,freshwater,10.1186/s40168-024-01979-7,public_archives,freshwater_surface,surface,public_archives
SRR30184006,2022-10-17,-1.0514,36.9608,,,,,,,,,,,,,,,,,,,,,,,,,,,,,,,,,,SAMN43089544,PRJNA1146306,"Kenya: Kiambu,Gatundu-South",0.0,soil metagenome,,,,soil,10.3389/fmicb.2025.1582271 ,public_archives,terrestrial_soil,surface,public_archives
SRR18218232,2016-04,31.09,33.76,,,,,,,,,,,,,,,,,,,,,,,,,,,,,,,,,,SAMN26293016,PRJNA810925,Egypt: Sinai,0.0,soil metagenome,,,,soil,10.1186/s40793-023-00463-3,public_archives,terrestrial_soil,surface,public_archives
